"","Set_ID","Time","end_gen","ngen_expt","Ne","n_ind_exp","n_cages","sequence_length","r_msp","r","r_expt","mu_msp","mu","mu_neutral","shape","scale","mut_ratio","proj","LDdelta","pa","Vs","randomise","pdelta_method","bdelta_method","vA_true","vA_est","pdelta_est","pdelta_var_est","bdelta_intercept_est","bdelta_slope_est","seg_sites","bdelta_var_est","vA_left","seg_sites_neu","seg_sites_ben","seg_sites_del","s_pmq","map_length_history","map_length_expt"
"1","bigbird_2024-07-10_00:45:52.750039_1.2e-06_1.4_0.14_1000_10","2024-07-10 01:51:27.579588","20000","3","1330000","1000","10",1e+06,"2.63157894736842e-09",1.4e-06,1.4e-07,"2.25563909774436e-10",1.2e-06,"6.66666666666667e-09","0.3","0.033","0","BLoM","FALSE","1","LoNL","TRUE","no_analysis","estimate",NA,NA,NA,NA,NA,NA,21572,NA,NA,852,0,20720,0.004741292343641,"1.4","0.14"
"3","bigbird_2024-07-10_00:45:52.753395_1.2e-06_0.14_0.014_1000_10","2024-07-10 01:18:18.773374","20000","3","1330000","1000","10",1e+06,"2.63157894736842e-10",1.4e-07,1.4e-08,"2.25563909774436e-10",1.2e-06,"6.66666666666667e-09","0.3","0.033","0","BLoM","FALSE","1","LoNL","TRUE","no_analysis","estimate",NA,NA,NA,NA,NA,NA,16900,NA,NA,660,0,16240,0.00452626070239893,"0.14","0.014"
"5","bigbird_2024-07-10_00:45:52.753771_1.2e-06_14_1.4_1000_10","2024-07-10 04:07:44.293875","20000","3","1330000","1000","10",1e+06,"2.63157894736842e-08",1.4e-05,1.4e-06,"2.25563909774436e-10",1.2e-06,"6.66666666666667e-09","0.3","0.033","0","BLoM","FALSE","1","LoNL","TRUE","no_analysis","estimate",NA,NA,NA,NA,NA,NA,26889,NA,NA,1123,0,25766,0.00472460165752401,"14","1.4"
"7","bigbird_2024-07-10_00:45:52.776837_1.2e-06_0.014_0.14_1000_10","2024-07-10 01:13:21.565889","20000","3","1330000","1000","10",1e+06,"2.63157894736842e-11",1.4e-08,1.4e-07,"2.25563909774436e-10",1.2e-06,"6.66666666666667e-09","0.3","0.033","0","BLoM","FALSE","1","LoNL","TRUE","no_analysis","estimate",NA,NA,NA,NA,NA,NA,15958,NA,NA,661,0,15297,0.00451547856634493,"0.014","0.14"
"10","bigbird_2024-07-10_00:59:22.629568_1.2e-06_0.014_1.4_1000_10","2024-07-10 01:25:54.287166","20000","3","1330000","1000","10",1e+06,"2.63157894736842e-11",1.4e-08,1.4e-06,"2.25563909774436e-10",1.2e-06,"6.66666666666667e-09","0.3","0.033","0","BLoM","FALSE","1","LoNL","TRUE","no_analysis","estimate",NA,NA,NA,NA,NA,NA,15994,NA,NA,524,0,15470,0.00430954818495175,"0.014","1.4"
"12","bigbird_2024-07-10_01:13:52.604571_1.2e-06_0.14_0.14_1000_10","2024-07-10 01:45:49.410001","20000","3","1330000","1000","10",1e+06,"2.63157894736842e-10",1.4e-07,1.4e-07,"2.25563909774436e-10",1.2e-06,"6.66666666666667e-09","0.3","0.033","0","BLoM","FALSE","1","LoNL","TRUE","no_analysis","estimate",NA,NA,NA,NA,NA,NA,17084,NA,NA,670,0,16414,0.00454420712389354,"0.14","0.14"
"14","bigbird_2024-07-10_01:18:22.630273_1.2e-06_1.4_0.014_1000_10","2024-07-10 02:26:25.725995","20000","3","1330000","1000","10",1e+06,"2.63157894736842e-09",1.4e-06,1.4e-08,"2.25563909774436e-10",1.2e-06,"6.66666666666667e-09","0.3","0.033","0","BLoM","FALSE","1","LoNL","TRUE","no_analysis","estimate",NA,NA,NA,NA,NA,NA,22674,NA,NA,872,0,21802,0.00494520269307434,"1.4","0.014"
"16","bigbird_2024-07-10_01:27:07.635808_1.2e-06_14_0.14_1000_10","2024-07-10 04:46:51.149167","20000","3","1330000","1000","10",1e+06,"2.63157894736842e-08",1.4e-05,1.4e-07,"2.25563909774436e-10",1.2e-06,"6.66666666666667e-09","0.3","0.033","0","BLoM","FALSE","1","LoNL","TRUE","no_analysis","estimate",NA,NA,NA,NA,NA,NA,26483,NA,NA,1070,0,25413,0.00466649757263391,"14","0.14"
"18","bigbird_2024-07-10_01:51:37.601717_1.2e-06_0.014_0.14_1000_10","2024-07-10 02:18:12.990997","20000","3","1330000","1000","10",1e+06,"2.63157894736842e-11",1.4e-08,1.4e-07,"2.25563909774436e-10",1.2e-06,"6.66666666666667e-09","0.3","0.033","0","BLoM","FALSE","1","LoNL","TRUE","no_analysis","estimate",NA,NA,NA,NA,NA,NA,15983,NA,NA,588,0,15395,0.0045296956178799,"0.014","0.14"
"20","bigbird_2024-07-10_01:59:22.597897_1.2e-06_0.14_0.14_1000_10","2024-07-10 02:31:55.786094","20000","3","1330000","1000","10",1e+06,"2.63157894736842e-10",1.4e-07,1.4e-07,"2.25563909774436e-10",1.2e-06,"6.66666666666667e-09","0.3","0.033","0","BLoM","FALSE","1","LoNL","TRUE","no_analysis","estimate",NA,NA,NA,NA,NA,NA,17119,NA,NA,638,0,16481,0.00438830466161497,"0.14","0.14"
"22","bigbird_2024-07-10_02:04:37.607976_1.2e-06_1.4_0.014_1000_10","2024-07-10 03:11:52.502134","20000","3","1330000","1000","10",1e+06,"2.63157894736842e-09",1.4e-06,1.4e-08,"2.25563909774436e-10",1.2e-06,"6.66666666666667e-09","0.3","0.033","0","BLoM","FALSE","1","LoNL","TRUE","no_analysis","estimate",NA,NA,NA,NA,NA,NA,22758,NA,NA,919,0,21839,0.0046707882220054,"1.4","0.014"
"24","bigbird_2024-07-10_02:18:37.618839_1.2e-06_1.4_1.4_1000_10","2024-07-10 03:22:56.833199","20000","3","1330000","1000","10",1e+06,"2.63157894736842e-09",1.4e-06,1.4e-06,"2.25563909774436e-10",1.2e-06,"6.66666666666667e-09","0.3","0.033","0","BLoM","FALSE","1","LoNL","TRUE","no_analysis","estimate",NA,NA,NA,NA,NA,NA,22059,NA,NA,895,0,21164,0.00485979479373629,"1.4","1.4"
"26","bigbird_2024-07-10_02:26:52.654597_1.2e-06_14_1.4_1000_10","2024-07-10 05:45:02.037782","20000","3","1330000","1000","10",1e+06,"2.63157894736842e-08",1.4e-05,1.4e-06,"2.25563909774436e-10",1.2e-06,"6.66666666666667e-09","0.3","0.033","0","BLoM","FALSE","1","LoNL","TRUE","no_analysis","estimate",NA,NA,NA,NA,NA,NA,26240,NA,NA,1081,0,25159,0.0047271602256365,"14","1.4"
"28","bigbird_2024-07-10_02:39:52.598633_1.2e-06_0.014_0.14_1000_10","2024-07-10 03:06:04.710554","20000","3","1330000","1000","10",1e+06,"2.63157894736842e-11",1.4e-08,1.4e-07,"2.25563909774436e-10",1.2e-06,"6.66666666666667e-09","0.3","0.033","0","BLoM","FALSE","1","LoNL","TRUE","no_analysis","estimate",NA,NA,NA,NA,NA,NA,15218,NA,NA,536,0,14682,0.00434804366833459,"0.014","0.14"
"30","bigbird_2024-07-10_03:12:22.611081_1.2e-06_1.4_1.4_1000_10","2024-07-10 04:16:47.5747","20000","3","1330000","1000","10",1e+06,"2.63157894736842e-09",1.4e-06,1.4e-06,"2.25563909774436e-10",1.2e-06,"6.66666666666667e-09","0.3","0.033","0","BLoM","FALSE","1","LoNL","TRUE","no_analysis","estimate",NA,NA,NA,NA,NA,NA,22282,NA,NA,887,0,21395,0.00485246047267745,"1.4","1.4"
"32","bigbird_2024-07-10_03:17:37.627186_1.2e-06_14_0.014_1000_10","2024-07-10 06:47:11.349869","20000","3","1330000","1000","10",1e+06,"2.63157894736842e-08",1.4e-05,1.4e-08,"2.25563909774436e-10",1.2e-06,"6.66666666666667e-09","0.3","0.033","0","BLoM","FALSE","1","LoNL","TRUE","no_analysis","estimate",NA,NA,NA,NA,NA,NA,26229,NA,NA,1081,0,25148,0.0048701280061041,"14","0.014"
"34","bigbird_2024-07-10_03:26:22.641407_1.2e-06_14_1.4_1000_10","2024-07-10 06:53:06.330677","20000","3","1330000","1000","10",1e+06,"2.63157894736842e-08",1.4e-05,1.4e-06,"2.25563909774436e-10",1.2e-06,"6.66666666666667e-09","0.3","0.033","0","BLoM","FALSE","1","LoNL","TRUE","no_analysis","estimate",NA,NA,NA,NA,NA,NA,26332,NA,NA,1062,0,25270,0.00483545699114008,"14","1.4"
"36","bigbird_2024-07-10_04:08:12.782846_1.2e-06_14_0.014_1000_10","2024-07-10 07:20:13.190917","20000","3","1330000","1000","10",1e+06,"2.63157894736842e-08",1.4e-05,1.4e-08,"2.25563909774436e-10",1.2e-06,"6.66666666666667e-09","0.3","0.033","0","BLoM","FALSE","1","LoNL","TRUE","no_analysis","estimate",NA,NA,NA,NA,NA,NA,26586,NA,NA,1070,0,25516,0.00478366382878942,"14","0.014"
"38","bigbird_2024-07-10_04:19:52.603876_1.2e-06_0.014_0.014_1000_10","2024-07-10 04:47:15.935735","20000","3","1330000","1000","10",1e+06,"2.63157894736842e-11",1.4e-08,1.4e-08,"2.25563909774436e-10",1.2e-06,"6.66666666666667e-09","0.3","0.033","0","BLoM","FALSE","1","LoNL","TRUE","no_analysis","estimate",NA,NA,NA,NA,NA,NA,15866,NA,NA,636,0,15230,0.00461764607670707,"0.014","0.014"
"40","bigbird_2024-07-10_04:47:37.59484_1.2e-06_0.14_1.4_1000_10","2024-07-10 05:19:11.863816","20000","3","1330000","1000","10",1e+06,"2.63157894736842e-10",1.4e-07,1.4e-06,"2.25563909774436e-10",1.2e-06,"6.66666666666667e-09","0.3","0.033","0","BLoM","FALSE","1","LoNL","TRUE","no_analysis","estimate",NA,NA,NA,NA,NA,NA,17190,NA,NA,639,0,16551,0.00467749484048396,"0.14","1.4"
"42","bigbird_2024-07-10_05:01:37.622053_1.2e-06_1.4_1.4_1000_10","2024-07-10 06:10:14.193182","20000","3","1330000","1000","10",1e+06,"2.63157894736842e-09",1.4e-06,1.4e-06,"2.25563909774436e-10",1.2e-06,"6.66666666666667e-09","0.3","0.033","0","BLoM","FALSE","1","LoNL","TRUE","no_analysis","estimate",NA,NA,NA,NA,NA,NA,21972,NA,NA,920,0,21052,0.00474207739179881,"1.4","1.4"
"44","bigbird_2024-07-10_05:30:07.602039_1.2e-06_0.014_0.014_1000_10","2024-07-10 05:57:12.317644","20000","3","1330000","1000","10",1e+06,"2.63157894736842e-11",1.4e-08,1.4e-08,"2.25563909774436e-10",1.2e-06,"6.66666666666667e-09","0.3","0.033","0","BLoM","FALSE","1","LoNL","TRUE","no_analysis","estimate",NA,NA,NA,NA,NA,NA,15617,NA,NA,663,0,14954,0.00407259810905523,"0.014","0.014"
"46","bigbird_2024-07-10_05:46:07.642788_1.2e-06_0.14_0.014_1000_10","2024-07-10 06:17:45.0272","20000","3","1330000","1000","10",1e+06,"2.63157894736842e-10",1.4e-07,1.4e-08,"2.25563909774436e-10",1.2e-06,"6.66666666666667e-09","0.3","0.033","0","BLoM","FALSE","1","LoNL","TRUE","no_analysis","estimate",NA,NA,NA,NA,NA,NA,16556,NA,NA,674,0,15882,0.00445025616522129,"0.14","0.014"
"48","bigbird_2024-07-10_05:57:37.595053_1.2e-06_0.14_1.4_1000_10","2024-07-10 06:29:30.391756","20000","3","1330000","1000","10",1e+06,"2.63157894736842e-10",1.4e-07,1.4e-06,"2.25563909774436e-10",1.2e-06,"6.66666666666667e-09","0.3","0.033","0","BLoM","FALSE","1","LoNL","TRUE","no_analysis","estimate",NA,NA,NA,NA,NA,NA,16438,NA,NA,687,0,15751,0.00449021937268235,"0.14","1.4"
"50","bigbird_2024-07-10_06:10:37.663716_1.2e-06_1.4_1.4_1000_10","2024-07-10 07:15:12.134062","20000","3","1330000","1000","10",1e+06,"2.63157894736842e-09",1.4e-06,1.4e-06,"2.25563909774436e-10",1.2e-06,"6.66666666666667e-09","0.3","0.033","0","BLoM","FALSE","1","LoNL","TRUE","no_analysis","estimate",NA,NA,NA,NA,NA,NA,22443,NA,NA,866,0,21577,0.00481358549975898,"1.4","1.4"
"52","bigbird_2024-07-10_06:29:07.590915_1.2e-06_14_1.4_1000_10","2024-07-10 09:49:20.369602","20000","3","1330000","1000","10",1e+06,"2.63157894736842e-08",1.4e-05,1.4e-06,"2.25563909774436e-10",1.2e-06,"6.66666666666667e-09","0.3","0.033","0","BLoM","FALSE","1","LoNL","TRUE","no_analysis","estimate",NA,NA,NA,NA,NA,NA,26001,NA,NA,1040,0,24961,0.0048754871542551,"14","1.4"
"54","bigbird_2024-07-10_06:48:37.597301_1.2e-06_0.14_0.014_1000_10","2024-07-10 07:20:04.240962","20000","3","1330000","1000","10",1e+06,"2.63157894736842e-10",1.4e-07,1.4e-08,"2.25563909774436e-10",1.2e-06,"6.66666666666667e-09","0.3","0.033","0","BLoM","FALSE","1","LoNL","TRUE","no_analysis","estimate",NA,NA,NA,NA,NA,NA,16732,NA,NA,679,0,16053,0.00441871584952094,"0.14","0.014"
"56","bigbird_2024-07-10_06:55:22.610965_1.2e-06_0.14_1.4_1000_10","2024-07-10 07:27:04.318858","20000","3","1330000","1000","10",1e+06,"2.63157894736842e-10",1.4e-07,1.4e-06,"2.25563909774436e-10",1.2e-06,"6.66666666666667e-09","0.3","0.033","0","BLoM","FALSE","1","LoNL","TRUE","no_analysis","estimate",NA,NA,NA,NA,NA,NA,16878,NA,NA,675,0,16203,0.00437443451493094,"0.14","1.4"
"58","bigbird_2024-07-10_07:00:52.717876_1.2e-06_1.4_0.14_1000_10","2024-07-10 08:04:35.197565","20000","3","1330000","1000","10",1e+06,"2.63157894736842e-09",1.4e-06,1.4e-07,"2.25563909774436e-10",1.2e-06,"6.66666666666667e-09","0.3","0.033","0","BLoM","FALSE","1","LoNL","TRUE","no_analysis","estimate",NA,NA,NA,NA,NA,NA,22249,NA,NA,865,0,21384,0.0048280458035353,"1.4","0.14"
"60","bigbird_2024-07-10_07:20:37.630771_1.2e-06_0.014_0.014_1000_10","2024-07-10 07:47:28.50523","20000","3","1330000","1000","10",1e+06,"2.63157894736842e-11",1.4e-08,1.4e-08,"2.25563909774436e-10",1.2e-06,"6.66666666666667e-09","0.3","0.033","0","BLoM","FALSE","1","LoNL","TRUE","no_analysis","estimate",NA,NA,NA,NA,NA,NA,16057,NA,NA,550,0,15507,0.00442954847663544,"0.014","0.014"
"62","bigbird_2024-07-10_07:27:22.586332_1.2e-06_0.014_0.14_1000_10","2024-07-10 07:54:13.574969","20000","3","1330000","1000","10",1e+06,"2.63157894736842e-11",1.4e-08,1.4e-07,"2.25563909774436e-10",1.2e-06,"6.66666666666667e-09","0.3","0.033","0","BLoM","FALSE","1","LoNL","TRUE","no_analysis","estimate",NA,NA,NA,NA,NA,NA,15424,NA,NA,679,0,14745,0.00425597568051721,"0.014","0.14"
"64","bigbird_2024-07-10_07:35:07.634105_1.2e-06_0.14_0.014_1000_10","2024-07-10 08:07:15.589101","20000","3","1330000","1000","10",1e+06,"2.63157894736842e-10",1.4e-07,1.4e-08,"2.25563909774436e-10",1.2e-06,"6.66666666666667e-09","0.3","0.033","0","BLoM","FALSE","1","LoNL","TRUE","no_analysis","estimate",NA,NA,NA,NA,NA,NA,16619,NA,NA,651,0,15968,0.00454941174668472,"0.14","0.014"
"66","bigbird_2024-07-10_07:41:37.626037_1.2e-06_0.14_1.4_1000_10","2024-07-10 08:13:58.389366","20000","3","1330000","1000","10",1e+06,"2.63157894736842e-10",1.4e-07,1.4e-06,"2.25563909774436e-10",1.2e-06,"6.66666666666667e-09","0.3","0.033","0","BLoM","FALSE","1","LoNL","TRUE","no_analysis","estimate",NA,NA,NA,NA,NA,NA,16965,NA,NA,659,0,16306,0.00433125238036597,"0.14","1.4"
"68","bigbird_2024-07-10_07:54:22.608218_1.2e-06_1.4_1.4_1000_10","2024-07-10 09:00:07.976108","20000","3","1330000","1000","10",1e+06,"2.63157894736842e-09",1.4e-06,1.4e-06,"2.25563909774436e-10",1.2e-06,"6.66666666666667e-09","0.3","0.033","0","BLoM","FALSE","1","LoNL","TRUE","no_analysis","estimate",NA,NA,NA,NA,NA,NA,21674,NA,NA,897,0,20777,0.00491949089028394,"1.4","1.4"
"70","bigbird_2024-07-10_08:07:37.603806_1.2e-06_0.014_0.014_1000_10","2024-07-10 08:34:35.681969","20000","3","1330000","1000","10",1e+06,"2.63157894736842e-11",1.4e-08,1.4e-08,"2.25563909774436e-10",1.2e-06,"6.66666666666667e-09","0.3","0.033","0","BLoM","FALSE","1","LoNL","TRUE","no_analysis","estimate",NA,NA,NA,NA,NA,NA,15961,NA,NA,578,0,15383,0.00450709822599101,"0.014","0.014"
"72","bigbird_2024-07-10_08:14:22.597942_1.2e-06_0.014_0.14_1000_10","2024-07-10 08:41:08.391617","20000","3","1330000","1000","10",1e+06,"2.63157894736842e-11",1.4e-08,1.4e-07,"2.25563909774436e-10",1.2e-06,"6.66666666666667e-09","0.3","0.033","0","BLoM","FALSE","1","LoNL","TRUE","no_analysis","estimate",NA,NA,NA,NA,NA,NA,15588,NA,NA,618,0,14970,0.00424715973145812,"0.014","0.14"
"74","bigbird_2024-07-10_08:26:22.61234_1.2e-06_0.014_1.4_1000_10","2024-07-10 08:53:20.709055","20000","3","1330000","1000","10",1e+06,"2.63157894736842e-11",1.4e-08,1.4e-06,"2.25563909774436e-10",1.2e-06,"6.66666666666667e-09","0.3","0.033","0","BLoM","FALSE","1","LoNL","TRUE","no_analysis","estimate",NA,NA,NA,NA,NA,NA,15413,NA,NA,577,0,14836,0.00434109801876281,"0.014","1.4"
"76","bigbird_2024-07-10_08:39:52.594781_1.2e-06_0.14_0.14_1000_10","2024-07-10 09:12:12.939169","20000","3","1330000","1000","10",1e+06,"2.63157894736842e-10",1.4e-07,1.4e-07,"2.25563909774436e-10",1.2e-06,"6.66666666666667e-09","0.3","0.033","0","BLoM","FALSE","1","LoNL","TRUE","no_analysis","estimate",NA,NA,NA,NA,NA,NA,18042,NA,NA,768,0,17274,0.0044930289331338,"0.14","0.14"
"78","bigbird_2024-07-10_08:52:37.617518_1.2e-06_1.4_0.14_1000_10","2024-07-10 09:58:34.355781","20000","3","1330000","1000","10",1e+06,"2.63157894736842e-09",1.4e-06,1.4e-07,"2.25563909774436e-10",1.2e-06,"6.66666666666667e-09","0.3","0.033","0","BLoM","FALSE","1","LoNL","TRUE","no_analysis","estimate",NA,NA,NA,NA,NA,NA,22406,NA,NA,905,0,21501,0.0048537112060367,"1.4","0.14"
"80","bigbird_2024-07-10_08:58:22.627694_1.2e-06_14_0.14_1000_10","2024-07-10 12:25:47.983142","20000","3","1330000","1000","10",1e+06,"2.63157894736842e-08",1.4e-05,1.4e-07,"2.25563909774436e-10",1.2e-06,"6.66666666666667e-09","0.3","0.033","0","BLoM","FALSE","1","LoNL","TRUE","no_analysis","estimate",NA,NA,NA,NA,NA,NA,26342,NA,NA,1051,0,25291,0.00500298791119667,"14","0.14"
"82","bigfoot_2024-07-10_00:45:52.622807_1.2e-06_0.14_0.14_1000_10","2024-07-10 01:19:00.186268","20000","3","1330000","1000","10",1e+06,"2.63157894736842e-10",1.4e-07,1.4e-07,"2.25563909774436e-10",1.2e-06,"6.66666666666667e-09","0.3","0.033","0","BLoM","FALSE","1","LoNL","TRUE","no_analysis","estimate",NA,NA,NA,NA,NA,NA,17286,NA,NA,646,0,16640,0.00471289565839667,"0.14","0.14"
"84","bigfoot_2024-07-10_00:45:52.623979_1.2e-06_1.4_1.4_1000_10","2024-07-10 01:51:11.360973","20000","3","1330000","1000","10",1e+06,"2.63157894736842e-09",1.4e-06,1.4e-06,"2.25563909774436e-10",1.2e-06,"6.66666666666667e-09","0.3","0.033","0","BLoM","FALSE","1","LoNL","TRUE","no_analysis","estimate",NA,NA,NA,NA,NA,NA,22306,NA,NA,851,0,21455,0.00488170204753525,"1.4","1.4"
"86","bigfoot_2024-07-10_01:18:37.617054_1.2e-06_1.4_0.14_1000_10","2024-07-10 02:26:01.996252","20000","3","1330000","1000","10",1e+06,"2.63157894736842e-09",1.4e-06,1.4e-07,"2.25563909774436e-10",1.2e-06,"6.66666666666667e-09","0.3","0.033","0","BLoM","FALSE","1","LoNL","TRUE","no_analysis","estimate",NA,NA,NA,NA,NA,NA,22641,NA,NA,908,0,21733,0.00465480726102836,"1.4","0.14"
"88","bigfoot_2024-07-10_01:53:22.615211_1.2e-06_0.14_0.014_1000_10","2024-07-10 02:24:57.70005","20000","3","1330000","1000","10",1e+06,"2.63157894736842e-10",1.4e-07,1.4e-08,"2.25563909774436e-10",1.2e-06,"6.66666666666667e-09","0.3","0.033","0","BLoM","FALSE","1","LoNL","TRUE","no_analysis","estimate",NA,NA,NA,NA,NA,NA,17134,NA,NA,614,0,16520,0.00449030217727395,"0.14","0.014"
"90","bigfoot_2024-07-10_02:45:52.595111_1.2e-06_0.014_1.4_1000_10","2024-07-10 03:11:51.092739","20000","3","1330000","1000","10",1e+06,"2.63157894736842e-11",1.4e-08,1.4e-06,"2.25563909774436e-10",1.2e-06,"6.66666666666667e-09","0.3","0.033","0","BLoM","FALSE","1","LoNL","TRUE","no_analysis","estimate",NA,NA,NA,NA,NA,NA,15398,NA,NA,659,0,14739,0.00416666615119055,"0.014","1.4"
"92","bigfoot_2024-07-10_02:53:52.593001_1.2e-06_0.14_0.14_1000_10","2024-07-10 03:26:03.552099","20000","3","1330000","1000","10",1e+06,"2.63157894736842e-10",1.4e-07,1.4e-07,"2.25563909774436e-10",1.2e-06,"6.66666666666667e-09","0.3","0.033","0","BLoM","FALSE","1","LoNL","TRUE","no_analysis","estimate",NA,NA,NA,NA,NA,NA,17323,NA,NA,691,0,16632,0.00440250071352869,"0.14","0.14"
"94","bigfoot_2024-07-10_03:41:07.600066_1.2e-06_0.014_0.14_1000_10","2024-07-10 04:07:03.350471","20000","3","1330000","1000","10",1e+06,"2.63157894736842e-11",1.4e-08,1.4e-07,"2.25563909774436e-10",1.2e-06,"6.66666666666667e-09","0.3","0.033","0","BLoM","FALSE","1","LoNL","TRUE","no_analysis","estimate",NA,NA,NA,NA,NA,NA,16189,NA,NA,602,0,15587,0.00455308591603263,"0.014","0.14"
"96","bigfoot_2024-07-10_04:07:22.597419_1.2e-06_1.4_0.14_1000_10","2024-07-10 05:11:50.179545","20000","3","1330000","1000","10",1e+06,"2.63157894736842e-09",1.4e-06,1.4e-07,"2.25563909774436e-10",1.2e-06,"6.66666666666667e-09","0.3","0.033","0","BLoM","FALSE","1","LoNL","TRUE","no_analysis","estimate",NA,NA,NA,NA,NA,NA,22559,NA,NA,913,0,21646,0.00486636070094564,"1.4","0.14"
"98","bigfoot_2024-07-10_04:41:37.587164_1.2e-06_0.014_1.4_1000_10","2024-07-10 05:08:06.92012","20000","3","1330000","1000","10",1e+06,"2.63157894736842e-11",1.4e-08,1.4e-06,"2.25563909774436e-10",1.2e-06,"6.66666666666667e-09","0.3","0.033","0","BLoM","FALSE","1","LoNL","TRUE","no_analysis","estimate",NA,NA,NA,NA,NA,NA,14790,NA,NA,572,0,14218,0.00415641499936822,"0.014","1.4"
"100","bigfoot_2024-07-10_04:49:22.585343_1.2e-06_1.4_0.014_1000_10","2024-07-10 05:53:43.293266","20000","3","1330000","1000","10",1e+06,"2.63157894736842e-09",1.4e-06,1.4e-08,"2.25563909774436e-10",1.2e-06,"6.66666666666667e-09","0.3","0.033","0","BLoM","FALSE","1","LoNL","TRUE","no_analysis","estimate",NA,NA,NA,NA,NA,NA,22717,NA,NA,909,0,21808,0.00467756719148037,"1.4","0.014"
"102","bigfoot_2024-07-10_05:58:07.627925_1.2e-06_1.4_0.014_1000_10","2024-07-10 07:02:03.263293","20000","3","1330000","1000","10",1e+06,"2.63157894736842e-09",1.4e-06,1.4e-08,"2.25563909774436e-10",1.2e-06,"6.66666666666667e-09","0.3","0.033","0","BLoM","FALSE","1","LoNL","TRUE","no_analysis","estimate",NA,NA,NA,NA,NA,NA,22594,NA,NA,892,0,21702,0.00489042930491646,"1.4","0.014"
"104","bigfoot_2024-07-10_06:29:52.614579_1.2e-06_0.014_0.014_1000_10","2024-07-10 06:57:33.117241","20000","3","1330000","1000","10",1e+06,"2.63157894736842e-11",1.4e-08,1.4e-08,"2.25563909774436e-10",1.2e-06,"6.66666666666667e-09","0.3","0.033","0","BLoM","FALSE","1","LoNL","TRUE","no_analysis","estimate",NA,NA,NA,NA,NA,NA,16490,NA,NA,721,0,15769,0.00446594158753736,"0.014","0.014"
"106","bigfoot_2024-07-10_07:11:07.595245_1.2e-06_14_0.014_1000_10","2024-07-10 10:44:39.120468","20000","3","1330000","1000","10",1e+06,"2.63157894736842e-08",1.4e-05,1.4e-08,"2.25563909774436e-10",1.2e-06,"6.66666666666667e-09","0.3","0.033","0","BLoM","FALSE","1","LoNL","TRUE","no_analysis","estimate",NA,NA,NA,NA,NA,NA,25977,NA,NA,1037,0,24940,0.00473783698562695,"14","0.014"
"108","bigfoot_2024-07-10_07:31:22.596907_1.2e-06_0.014_1.4_1000_10","2024-07-10 07:57:38.981201","20000","3","1330000","1000","10",1e+06,"2.63157894736842e-11",1.4e-08,1.4e-06,"2.25563909774436e-10",1.2e-06,"6.66666666666667e-09","0.3","0.033","0","BLoM","FALSE","1","LoNL","TRUE","no_analysis","estimate",NA,NA,NA,NA,NA,NA,14971,NA,NA,598,0,14373,0.00435521813449758,"0.014","1.4"
"110","bigfoot_2024-07-10_07:47:52.586325_1.2e-06_1.4_0.14_1000_10","2024-07-10 08:52:13.747408","20000","3","1330000","1000","10",1e+06,"2.63157894736842e-09",1.4e-06,1.4e-07,"2.25563909774436e-10",1.2e-06,"6.66666666666667e-09","0.3","0.033","0","BLoM","FALSE","1","LoNL","TRUE","no_analysis","estimate",NA,NA,NA,NA,NA,NA,22202,NA,NA,844,0,21358,0.0047625511735143,"1.4","0.14"
"112","bigfoot_2024-07-10_08:53:37.596711_1.2e-06_14_0.014_1000_10","2024-07-10 12:07:10.750217","20000","3","1330000","1000","10",1e+06,"2.63157894736842e-08",1.4e-05,1.4e-08,"2.25563909774436e-10",1.2e-06,"6.66666666666667e-09","0.3","0.033","0","BLoM","FALSE","1","LoNL","TRUE","no_analysis","estimate",NA,NA,NA,NA,NA,NA,26298,NA,NA,1066,0,25232,0.00488151248254151,"14","0.014"
"114","biggar_2024-07-10_00:45:52.672528_1.2e-06_0.014_1.4_1000_10","2024-07-10 00:58:34.832565","20000","3","1330000","1000","10",1e+06,"2.63157894736842e-11",1.4e-08,1.4e-06,"2.25563909774436e-10",1.2e-06,"6.66666666666667e-09","0.3","0.033","0","BLoM","FALSE","1","LoNL","TRUE","no_analysis","estimate",NA,NA,NA,NA,NA,NA,15642,NA,NA,580,0,15062,0.00434181639653737,"0.014","1.4"
"116","biggar_2024-07-10_00:45:52.674054_1.2e-06_1.4_0.014_1000_10","2024-07-10 01:17:51.66129","20000","3","1330000","1000","10",1e+06,"2.63157894736842e-09",1.4e-06,1.4e-08,"2.25563909774436e-10",1.2e-06,"6.66666666666667e-09","0.3","0.033","0","BLoM","FALSE","1","LoNL","TRUE","no_analysis","estimate",NA,NA,NA,NA,NA,NA,22812,NA,NA,957,0,21855,0.00489517811277016,"1.4","0.014"
"118","biggar_2024-07-10_00:45:52.676852_1.2e-06_14_0.14_1000_10","2024-07-10 02:01:54.307395","20000","3","1330000","1000","10",1e+06,"2.63157894736842e-08",1.4e-05,1.4e-07,"2.25563909774436e-10",1.2e-06,"6.66666666666667e-09","0.3","0.033","0","BLoM","FALSE","1","LoNL","TRUE","no_analysis","estimate",NA,NA,NA,NA,NA,NA,26432,NA,NA,1100,0,25332,0.00481651194240579,"14","0.14"
"120","biggar_2024-07-10_00:45:52.698034_1.2e-06_0.014_0.014_1000_10","2024-07-10 00:58:32.354804","20000","3","1330000","1000","10",1e+06,"2.63157894736842e-11",1.4e-08,1.4e-08,"2.25563909774436e-10",1.2e-06,"6.66666666666667e-09","0.3","0.033","0","BLoM","FALSE","1","LoNL","TRUE","no_analysis","estimate",NA,NA,NA,NA,NA,NA,15422,NA,NA,721,0,14701,0.00437758785678758,"0.014","0.014"
"122","biggar_2024-07-10_00:58:53.314818_1.2e-06_0.014_0.14_1000_10","2024-07-10 01:11:40.499834","20000","3","1330000","1000","10",1e+06,"2.63157894736842e-11",1.4e-08,1.4e-07,"2.25563909774436e-10",1.2e-06,"6.66666666666667e-09","0.3","0.033","0","BLoM","FALSE","1","LoNL","TRUE","no_analysis","estimate",NA,NA,NA,NA,NA,NA,16108,NA,NA,624,0,15484,0.00430435515974881,"0.014","0.14"
"124","biggar_2024-07-10_01:12:07.813141_1.2e-06_0.14_0.014_1000_10","2024-07-10 01:26:49.292071","20000","3","1330000","1000","10",1e+06,"2.63157894736842e-10",1.4e-07,1.4e-08,"2.25563909774436e-10",1.2e-06,"6.66666666666667e-09","0.3","0.033","0","BLoM","FALSE","1","LoNL","TRUE","no_analysis","estimate",NA,NA,NA,NA,NA,NA,15601,NA,NA,583,0,15018,0.0044479300999829,"0.14","0.014"
"126","biggar_2024-07-10_01:18:22.666363_1.2e-06_0.14_1.4_1000_10","2024-07-10 01:33:19.547892","20000","3","1330000","1000","10",1e+06,"2.63157894736842e-10",1.4e-07,1.4e-06,"2.25563909774436e-10",1.2e-06,"6.66666666666667e-09","0.3","0.033","0","BLoM","FALSE","1","LoNL","TRUE","no_analysis","estimate",NA,NA,NA,NA,NA,NA,16202,NA,NA,625,0,15577,0.00435122765368755,"0.14","1.4"
"128","biggar_2024-07-10_01:19:22.621462_1.2e-06_1.4_1.4_1000_10","2024-07-10 01:53:02.635288","20000","3","1330000","1000","10",1e+06,"2.63157894736842e-09",1.4e-06,1.4e-06,"2.25563909774436e-10",1.2e-06,"6.66666666666667e-09","0.3","0.033","0","BLoM","FALSE","1","LoNL","TRUE","no_analysis","estimate",NA,NA,NA,NA,NA,NA,22299,NA,NA,860,0,21439,0.00489222409581847,"1.4","1.4"
"130","biggar_2024-07-10_01:26:22.65849_1.2e-06_14_0.014_1000_10","2024-07-10 02:39:23.289681","20000","3","1330000","1000","10",1e+06,"2.63157894736842e-08",1.4e-05,1.4e-08,"2.25563909774436e-10",1.2e-06,"6.66666666666667e-09","0.3","0.033","0","BLoM","FALSE","1","LoNL","TRUE","no_analysis","estimate",NA,NA,NA,NA,NA,NA,26498,NA,NA,1052,0,25446,0.00466157597545073,"14","0.014"
"132","biggar_2024-07-10_01:33:37.628355_1.2e-06_14_1.4_1000_10","2024-07-10 02:46:22.551604","20000","3","1330000","1000","10",1e+06,"2.63157894736842e-08",1.4e-05,1.4e-06,"2.25563909774436e-10",1.2e-06,"6.66666666666667e-09","0.3","0.033","0","BLoM","FALSE","1","LoNL","TRUE","no_analysis","estimate",NA,NA,NA,NA,NA,NA,26192,NA,NA,1052,0,25140,0.00479243602298293,"14","1.4"
"134","biggar_2024-07-10_01:46:07.645658_1.2e-06_0.014_0.014_1000_10","2024-07-10 01:59:01.729847","20000","3","1330000","1000","10",1e+06,"2.63157894736842e-11",1.4e-08,1.4e-08,"2.25563909774436e-10",1.2e-06,"6.66666666666667e-09","0.3","0.033","0","BLoM","FALSE","1","LoNL","TRUE","no_analysis","estimate",NA,NA,NA,NA,NA,NA,15845,NA,NA,523,0,15322,0.00402075627288916,"0.014","0.014"
"136","biggar_2024-07-10_01:51:52.669958_1.2e-06_0.014_1.4_1000_10","2024-07-10 02:04:12.93744","20000","3","1330000","1000","10",1e+06,"2.63157894736842e-11",1.4e-08,1.4e-06,"2.25563909774436e-10",1.2e-06,"6.66666666666667e-09","0.3","0.033","0","BLoM","FALSE","1","LoNL","TRUE","no_analysis","estimate",NA,NA,NA,NA,NA,NA,15461,NA,NA,542,0,14919,0.00413060501440172,"0.014","1.4"
"138","biggar_2024-07-10_02:02:22.658491_1.2e-06_0.14_1.4_1000_10","2024-07-10 02:18:07.775276","20000","3","1330000","1000","10",1e+06,"2.63157894736842e-10",1.4e-07,1.4e-06,"2.25563909774436e-10",1.2e-06,"6.66666666666667e-09","0.3","0.033","0","BLoM","FALSE","1","LoNL","TRUE","no_analysis","estimate",NA,NA,NA,NA,NA,NA,17271,NA,NA,682,0,16589,0.00456146539351299,"0.14","1.4"
"140","biggar_2024-07-10_02:18:38.334448_1.2e-06_1.4_0.14_1000_10","2024-07-10 02:53:26.485778","20000","3","1330000","1000","10",1e+06,"2.63157894736842e-09",1.4e-06,1.4e-07,"2.25563909774436e-10",1.2e-06,"6.66666666666667e-09","0.3","0.033","0","BLoM","FALSE","1","LoNL","TRUE","no_analysis","estimate",NA,NA,NA,NA,NA,NA,22315,NA,NA,900,0,21415,0.00466736118156179,"1.4","0.14"
"142","biggar_2024-07-10_02:25:22.631645_1.2e-06_14_0.014_1000_10","2024-07-10 03:40:36.890956","20000","3","1330000","1000","10",1e+06,"2.63157894736842e-08",1.4e-05,1.4e-08,"2.25563909774436e-10",1.2e-06,"6.66666666666667e-09","0.3","0.033","0","BLoM","FALSE","1","LoNL","TRUE","no_analysis","estimate",NA,NA,NA,NA,NA,NA,26603,NA,NA,1096,0,25507,0.00478008334249024,"14","0.014"
"144","biggar_2024-07-10_02:26:22.663775_1.2e-06_14_0.14_1000_10","2024-07-10 03:39:57.059801","20000","3","1330000","1000","10",1e+06,"2.63157894736842e-08",1.4e-05,1.4e-07,"2.25563909774436e-10",1.2e-06,"6.66666666666667e-09","0.3","0.033","0","BLoM","FALSE","1","LoNL","TRUE","no_analysis","estimate",NA,NA,NA,NA,NA,NA,26640,NA,NA,1083,0,25557,0.00495734066902668,"14","0.14"
"146","biggar_2024-07-10_02:32:22.651996_1.2e-06_0.014_0.014_1000_10","2024-07-10 02:45:28.616935","20000","3","1330000","1000","10",1e+06,"2.63157894736842e-11",1.4e-08,1.4e-08,"2.25563909774436e-10",1.2e-06,"6.66666666666667e-09","0.3","0.033","0","BLoM","FALSE","1","LoNL","TRUE","no_analysis","estimate",NA,NA,NA,NA,NA,NA,15160,NA,NA,532,0,14628,0.00395009959944419,"0.014","0.014"
"148","biggar_2024-07-10_02:46:52.648894_1.2e-06_0.14_0.014_1000_10","2024-07-10 03:01:40.539022","20000","3","1330000","1000","10",1e+06,"2.63157894736842e-10",1.4e-07,1.4e-08,"2.25563909774436e-10",1.2e-06,"6.66666666666667e-09","0.3","0.033","0","BLoM","FALSE","1","LoNL","TRUE","no_analysis","estimate",NA,NA,NA,NA,NA,NA,16723,NA,NA,667,0,16056,0.00477551040201347,"0.14","0.014"
"150","biggar_2024-07-10_03:02:07.634482_1.2e-06_0.14_1.4_1000_10","2024-07-10 03:17:15.921488","20000","3","1330000","1000","10",1e+06,"2.63157894736842e-10",1.4e-07,1.4e-06,"2.25563909774436e-10",1.2e-06,"6.66666666666667e-09","0.3","0.033","0","BLoM","FALSE","1","LoNL","TRUE","no_analysis","estimate",NA,NA,NA,NA,NA,NA,17291,NA,NA,752,0,16539,0.00444728009455727,"0.14","1.4"
"152","biggar_2024-07-10_03:06:22.645439_1.2e-06_1.4_0.014_1000_10","2024-07-10 03:41:09.579277","20000","3","1330000","1000","10",1e+06,"2.63157894736842e-09",1.4e-06,1.4e-08,"2.25563909774436e-10",1.2e-06,"6.66666666666667e-09","0.3","0.033","0","BLoM","FALSE","1","LoNL","TRUE","no_analysis","estimate",NA,NA,NA,NA,NA,NA,22388,NA,NA,913,0,21475,0.00471581160483419,"1.4","0.014"
"154","biggar_2024-07-10_03:12:22.61682_1.2e-06_1.4_0.14_1000_10","2024-07-10 03:47:24.074748","20000","3","1330000","1000","10",1e+06,"2.63157894736842e-09",1.4e-06,1.4e-07,"2.25563909774436e-10",1.2e-06,"6.66666666666667e-09","0.3","0.033","0","BLoM","FALSE","1","LoNL","TRUE","no_analysis","estimate",NA,NA,NA,NA,NA,NA,22129,NA,NA,884,0,21245,0.00481067503137477,"1.4","0.14"
"156","biggar_2024-07-10_03:23:22.669564_1.2e-06_14_0.14_1000_10","2024-07-10 04:36:24.598278","20000","3","1330000","1000","10",1e+06,"2.63157894736842e-08",1.4e-05,1.4e-07,"2.25563909774436e-10",1.2e-06,"6.66666666666667e-09","0.3","0.033","0","BLoM","FALSE","1","LoNL","TRUE","no_analysis","estimate",NA,NA,NA,NA,NA,NA,26181,NA,NA,1072,0,25109,0.0047423514723665,"14","0.14"
"158","biggar_2024-07-10_03:40:22.619931_1.2e-06_0.014_0.014_1000_10","2024-07-10 03:52:00.083522","20000","3","1330000","1000","10",1e+06,"2.63157894736842e-11",1.4e-08,1.4e-08,"2.25563909774436e-10",1.2e-06,"6.66666666666667e-09","0.3","0.033","0","BLoM","FALSE","1","LoNL","TRUE","no_analysis","estimate",NA,NA,NA,NA,NA,NA,15042,NA,NA,643,0,14399,0.00430103346899148,"0.014","0.014"
"160","biggar_2024-07-10_03:47:52.594152_1.2e-06_0.14_0.014_1000_10","2024-07-10 04:03:16.679653","20000","3","1330000","1000","10",1e+06,"2.63157894736842e-10",1.4e-07,1.4e-08,"2.25563909774436e-10",1.2e-06,"6.66666666666667e-09","0.3","0.033","0","BLoM","FALSE","1","LoNL","TRUE","no_analysis","estimate",NA,NA,NA,NA,NA,NA,17577,NA,NA,691,0,16886,0.00443996552948214,"0.14","0.014"
"162","biggar_2024-07-10_03:52:22.614606_1.2e-06_0.14_0.14_1000_10","2024-07-10 04:07:01.644664","20000","3","1330000","1000","10",1e+06,"2.63157894736842e-10",1.4e-07,1.4e-07,"2.25563909774436e-10",1.2e-06,"6.66666666666667e-09","0.3","0.033","0","BLoM","FALSE","1","LoNL","TRUE","no_analysis","estimate",NA,NA,NA,NA,NA,NA,16056,NA,NA,612,0,15444,0.00446453238914485,"0.14","0.14"
"164","biggar_2024-07-10_04:03:37.649079_1.2e-06_0.14_1.4_1000_10","2024-07-10 04:19:27.114075","20000","3","1330000","1000","10",1e+06,"2.63157894736842e-10",1.4e-07,1.4e-06,"2.25563909774436e-10",1.2e-06,"6.66666666666667e-09","0.3","0.033","0","BLoM","FALSE","1","LoNL","TRUE","no_analysis","estimate",NA,NA,NA,NA,NA,NA,17152,NA,NA,646,0,16506,0.00465959047867891,"0.14","1.4"
"166","biggar_2024-07-10_04:07:22.638433_1.2e-06_1.4_0.014_1000_10","2024-07-10 04:42:10.110712","20000","3","1330000","1000","10",1e+06,"2.63157894736842e-09",1.4e-06,1.4e-08,"2.25563909774436e-10",1.2e-06,"6.66666666666667e-09","0.3","0.033","0","BLoM","FALSE","1","LoNL","TRUE","no_analysis","estimate",NA,NA,NA,NA,NA,NA,22427,NA,NA,924,0,21503,0.00478775794320343,"1.4","0.014"
"168","biggar_2024-07-10_04:07:37.617842_1.2e-06_1.4_1.4_1000_10","2024-07-10 04:41:16.112837","20000","3","1330000","1000","10",1e+06,"2.63157894736842e-09",1.4e-06,1.4e-06,"2.25563909774436e-10",1.2e-06,"6.66666666666667e-09","0.3","0.033","0","BLoM","FALSE","1","LoNL","TRUE","no_analysis","estimate",NA,NA,NA,NA,NA,NA,22434,NA,NA,837,0,21597,0.00491203806247517,"1.4","1.4"
"170","biggar_2024-07-10_04:17:12.949291_1.2e-06_14_1.4_1000_10","2024-07-10 05:32:55.647495","20000","3","1330000","1000","10",1e+06,"2.63157894736842e-08",1.4e-05,1.4e-06,"2.25563909774436e-10",1.2e-06,"6.66666666666667e-09","0.3","0.033","0","BLoM","FALSE","1","LoNL","TRUE","no_analysis","estimate",NA,NA,NA,NA,NA,NA,26877,NA,NA,1106,0,25771,0.00460104145117019,"14","1.4"
"172","biggar_2024-07-10_04:36:52.7362_1.2e-06_0.014_0.14_1000_10","2024-07-10 04:48:51.565682","20000","3","1330000","1000","10",1e+06,"2.63157894736842e-11",1.4e-08,1.4e-07,"2.25563909774436e-10",1.2e-06,"6.66666666666667e-09","0.3","0.033","0","BLoM","FALSE","1","LoNL","TRUE","no_analysis","estimate",NA,NA,NA,NA,NA,NA,15488,NA,NA,614,0,14874,0.00411488506365508,"0.014","0.14"
"174","biggar_2024-07-10_04:42:37.583272_1.2e-06_0.14_0.014_1000_10","2024-07-10 04:57:16.897406","20000","3","1330000","1000","10",1e+06,"2.63157894736842e-10",1.4e-07,1.4e-08,"2.25563909774436e-10",1.2e-06,"6.66666666666667e-09","0.3","0.033","0","BLoM","FALSE","1","LoNL","TRUE","no_analysis","estimate",NA,NA,NA,NA,NA,NA,17076,NA,NA,671,0,16405,0.00443662579802733,"0.14","0.014"
"176","biggar_2024-07-10_04:47:22.593448_1.2e-06_0.14_0.14_1000_10","2024-07-10 05:01:17.299233","20000","3","1330000","1000","10",1e+06,"2.63157894736842e-10",1.4e-07,1.4e-07,"2.25563909774436e-10",1.2e-06,"6.66666666666667e-09","0.3","0.033","0","BLoM","FALSE","1","LoNL","TRUE","no_analysis","estimate",NA,NA,NA,NA,NA,NA,17139,NA,NA,622,0,16517,0.00469061465132571,"0.14","0.14"
"178","biggar_2024-07-10_04:57:37.582991_1.2e-06_1.4_0.14_1000_10","2024-07-10 05:29:46.871827","20000","3","1330000","1000","10",1e+06,"2.63157894736842e-09",1.4e-06,1.4e-07,"2.25563909774436e-10",1.2e-06,"6.66666666666667e-09","0.3","0.033","0","BLoM","FALSE","1","LoNL","TRUE","no_analysis","estimate",NA,NA,NA,NA,NA,NA,22484,NA,NA,856,0,21628,0.00478773734998885,"1.4","0.14"
"180","biggar_2024-07-10_05:08:37.621449_1.2e-06_14_0.014_1000_10","2024-07-10 06:26:24.318836","20000","3","1330000","1000","10",1e+06,"2.63157894736842e-08",1.4e-05,1.4e-08,"2.25563909774436e-10",1.2e-06,"6.66666666666667e-09","0.3","0.033","0","BLoM","FALSE","1","LoNL","TRUE","no_analysis","estimate",NA,NA,NA,NA,NA,NA,26763,NA,NA,1043,0,25720,0.0048922585141195,"14","0.014"
"182","biggar_2024-07-10_05:12:07.589429_1.2e-06_14_0.14_1000_10","2024-07-10 06:28:47.135029","20000","3","1330000","1000","10",1e+06,"2.63157894736842e-08",1.4e-05,1.4e-07,"2.25563909774436e-10",1.2e-06,"6.66666666666667e-09","0.3","0.033","0","BLoM","FALSE","1","LoNL","TRUE","no_analysis","estimate",NA,NA,NA,NA,NA,NA,25964,NA,NA,1070,0,24894,0.00480012366654564,"14","0.14"
"184","biggar_2024-07-10_05:19:37.6611_1.2e-06_14_1.4_1000_10","2024-07-10 06:41:37.09542","20000","3","1330000","1000","10",1e+06,"2.63157894736842e-08",1.4e-05,1.4e-06,"2.25563909774436e-10",1.2e-06,"6.66666666666667e-09","0.3","0.033","0","BLoM","FALSE","1","LoNL","TRUE","no_analysis","estimate",NA,NA,NA,NA,NA,NA,26339,NA,NA,1053,0,25286,0.00483019253553734,"14","1.4"
"186","biggar_2024-07-10_05:33:22.637384_1.2e-06_0.014_0.14_1000_10","2024-07-10 05:45:40.029362","20000","3","1330000","1000","10",1e+06,"2.63157894736842e-11",1.4e-08,1.4e-07,"2.25563909774436e-10",1.2e-06,"6.66666666666667e-09","0.3","0.033","0","BLoM","FALSE","1","LoNL","TRUE","no_analysis","estimate",NA,NA,NA,NA,NA,NA,15265,NA,NA,552,0,14713,0.00404696259650429,"0.014","0.14"
"188","biggar_2024-07-10_05:45:23.303574_1.2e-06_0.014_1.4_1000_10","2024-07-10 05:57:45.461226","20000","3","1330000","1000","10",1e+06,"2.63157894736842e-11",1.4e-08,1.4e-06,"2.25563909774436e-10",1.2e-06,"6.66666666666667e-09","0.3","0.033","0","BLoM","FALSE","1","LoNL","TRUE","no_analysis","estimate",NA,NA,NA,NA,NA,NA,15846,NA,NA,629,0,15217,0.00430270860162823,"0.014","1.4"
"190","biggar_2024-07-10_05:54:07.604412_1.2e-06_0.14_0.14_1000_10","2024-07-10 06:09:53.364961","20000","3","1330000","1000","10",1e+06,"2.63157894736842e-10",1.4e-07,1.4e-07,"2.25563909774436e-10",1.2e-06,"6.66666666666667e-09","0.3","0.033","0","BLoM","FALSE","1","LoNL","TRUE","no_analysis","estimate",NA,NA,NA,NA,NA,NA,16787,NA,NA,641,0,16146,0.00453447225804338,"0.14","0.14"
"192","biggar_2024-07-10_06:10:22.62827_1.2e-06_1.4_0.14_1000_10","2024-07-10 06:48:15.295309","20000","3","1330000","1000","10",1e+06,"2.63157894736842e-09",1.4e-06,1.4e-07,"2.25563909774436e-10",1.2e-06,"6.66666666666667e-09","0.3","0.033","0","BLoM","FALSE","1","LoNL","TRUE","no_analysis","estimate",NA,NA,NA,NA,NA,NA,22597,NA,NA,915,0,21682,0.00475351885368081,"1.4","0.14"
"194","biggar_2024-07-10_06:18:07.648941_1.2e-06_14_0.014_1000_10","2024-07-10 07:34:46.451717","20000","3","1330000","1000","10",1e+06,"2.63157894736842e-08",1.4e-05,1.4e-08,"2.25563909774436e-10",1.2e-06,"6.66666666666667e-09","0.3","0.033","0","BLoM","FALSE","1","LoNL","TRUE","no_analysis","estimate",NA,NA,NA,NA,NA,NA,26837,NA,NA,1111,0,25726,0.00489451026817342,"14","0.014"
"196","biggar_2024-07-10_06:26:52.607721_1.2e-06_14_0.14_1000_10","2024-07-10 07:46:17.198714","20000","3","1330000","1000","10",1e+06,"2.63157894736842e-08",1.4e-05,1.4e-07,"2.25563909774436e-10",1.2e-06,"6.66666666666667e-09","0.3","0.033","0","BLoM","FALSE","1","LoNL","TRUE","no_analysis","estimate",NA,NA,NA,NA,NA,NA,26619,NA,NA,1106,0,25513,0.00482983603973113,"14","0.14"
"198","biggar_2024-07-10_06:42:07.610431_1.2e-06_0.014_0.14_1000_10","2024-07-10 06:54:59.594359","20000","3","1330000","1000","10",1e+06,"2.63157894736842e-11",1.4e-08,1.4e-07,"2.25563909774436e-10",1.2e-06,"6.66666666666667e-09","0.3","0.033","0","BLoM","FALSE","1","LoNL","TRUE","no_analysis","estimate",NA,NA,NA,NA,NA,NA,15298,NA,NA,619,0,14679,0.00432505295785046,"0.014","0.14"
"200","biggar_2024-07-10_06:47:37.610498_1.2e-06_0.014_1.4_1000_10","2024-07-10 07:00:35.154024","20000","3","1330000","1000","10",1e+06,"2.63157894736842e-11",1.4e-08,1.4e-06,"2.25563909774436e-10",1.2e-06,"6.66666666666667e-09","0.3","0.033","0","BLoM","FALSE","1","LoNL","TRUE","no_analysis","estimate",NA,NA,NA,NA,NA,NA,15790,NA,NA,582,0,15208,0.00420959845744313,"0.014","1.4"
"202","biggar_2024-07-10_06:53:22.645661_1.2e-06_0.14_0.14_1000_10","2024-07-10 07:10:42.668826","20000","3","1330000","1000","10",1e+06,"2.63157894736842e-10",1.4e-07,1.4e-07,"2.25563909774436e-10",1.2e-06,"6.66666666666667e-09","0.3","0.033","0","BLoM","FALSE","1","LoNL","TRUE","no_analysis","estimate",NA,NA,NA,NA,NA,NA,17179,NA,NA,666,0,16513,0.00465808011178956,"0.14","0.14"
"204","biggar_2024-07-10_06:57:52.633262_1.2e-06_1.4_0.014_1000_10","2024-07-10 07:36:24.878945","20000","3","1330000","1000","10",1e+06,"2.63157894736842e-09",1.4e-06,1.4e-08,"2.25563909774436e-10",1.2e-06,"6.66666666666667e-09","0.3","0.033","0","BLoM","FALSE","1","LoNL","TRUE","no_analysis","estimate",NA,NA,NA,NA,NA,NA,22422,NA,NA,908,0,21514,0.00472351747800881,"1.4","0.014"
"206","biggar_2024-07-10_07:02:22.611538_1.2e-06_1.4_1.4_1000_10","2024-07-10 07:41:07.590776","20000","3","1330000","1000","10",1e+06,"2.63157894736842e-09",1.4e-06,1.4e-06,"2.25563909774436e-10",1.2e-06,"6.66666666666667e-09","0.3","0.033","0","BLoM","FALSE","1","LoNL","TRUE","no_analysis","estimate",NA,NA,NA,NA,NA,NA,22709,NA,NA,906,0,21803,0.00467271727862905,"1.4","1.4"
"208","biggar_2024-07-10_07:15:37.608651_1.2e-06_14_0.14_1000_10","2024-07-10 08:39:34.176113","20000","3","1330000","1000","10",1e+06,"2.63157894736842e-08",1.4e-05,1.4e-07,"2.25563909774436e-10",1.2e-06,"6.66666666666667e-09","0.3","0.033","0","BLoM","FALSE","1","LoNL","TRUE","no_analysis","estimate",NA,NA,NA,NA,NA,NA,26112,NA,NA,1017,0,25095,0.00479776772307437,"14","0.14"
"210","biggar_2024-07-10_07:20:22.633522_1.2e-06_14_1.4_1000_10","2024-07-10 08:40:24.906103","20000","3","1330000","1000","10",1e+06,"2.63157894736842e-08",1.4e-05,1.4e-06,"2.25563909774436e-10",1.2e-06,"6.66666666666667e-09","0.3","0.033","0","BLoM","FALSE","1","LoNL","TRUE","no_analysis","estimate",NA,NA,NA,NA,NA,NA,26449,NA,NA,1071,0,25378,0.00483650560537397,"14","1.4"
"212","biggar_2024-07-10_07:36:52.611504_1.2e-06_0.14_0.14_1000_10","2024-07-10 07:53:57.392806","20000","3","1330000","1000","10",1e+06,"2.63157894736842e-10",1.4e-07,1.4e-07,"2.25563909774436e-10",1.2e-06,"6.66666666666667e-09","0.3","0.033","0","BLoM","FALSE","1","LoNL","TRUE","no_analysis","estimate",NA,NA,NA,NA,NA,NA,17182,NA,NA,681,0,16501,0.0043822887858098,"0.14","0.14"
"214","biggar_2024-07-10_07:46:37.615075_1.2e-06_1.4_0.014_1000_10","2024-07-10 08:25:52.376306","20000","3","1330000","1000","10",1e+06,"2.63157894736842e-09",1.4e-06,1.4e-08,"2.25563909774436e-10",1.2e-06,"6.66666666666667e-09","0.3","0.033","0","BLoM","FALSE","1","LoNL","TRUE","no_analysis","estimate",NA,NA,NA,NA,NA,NA,21941,NA,NA,887,0,21054,0.00486582939571112,"1.4","0.014"
"216","biggar_2024-07-10_07:54:37.60501_1.2e-06_14_0.014_1000_10","2024-07-10 09:17:46.350541","20000","3","1330000","1000","10",1e+06,"2.63157894736842e-08",1.4e-05,1.4e-08,"2.25563909774436e-10",1.2e-06,"6.66666666666667e-09","0.3","0.033","0","BLoM","FALSE","1","LoNL","TRUE","no_analysis","estimate",NA,NA,NA,NA,NA,NA,26742,NA,NA,1093,0,25649,0.00485382112652852,"14","0.014"
"218","biggar_2024-07-10_07:58:07.635567_1.2e-06_14_0.14_1000_10","2024-07-10 09:18:15.710379","20000","3","1330000","1000","10",1e+06,"2.63157894736842e-08",1.4e-05,1.4e-07,"2.25563909774436e-10",1.2e-06,"6.66666666666667e-09","0.3","0.033","0","BLoM","FALSE","1","LoNL","TRUE","no_analysis","estimate",NA,NA,NA,NA,NA,NA,26690,NA,NA,1106,0,25584,0.00467145269246575,"14","0.14"
"220","biggar_2024-07-10_08:04:52.625116_1.2e-06_14_1.4_1000_10","2024-07-10 09:31:21.115076","20000","3","1330000","1000","10",1e+06,"2.63157894736842e-08",1.4e-05,1.4e-06,"2.25563909774436e-10",1.2e-06,"6.66666666666667e-09","0.3","0.033","0","BLoM","FALSE","1","LoNL","TRUE","no_analysis","estimate",NA,NA,NA,NA,NA,NA,26517,NA,NA,1127,0,25390,0.004784742031867,"14","1.4"
"222","biggar_2024-07-10_08:34:52.63725_1.2e-06_0.14_0.014_1000_10","2024-07-10 08:52:40.503081","20000","3","1330000","1000","10",1e+06,"2.63157894736842e-10",1.4e-07,1.4e-08,"2.25563909774436e-10",1.2e-06,"6.66666666666667e-09","0.3","0.033","0","BLoM","FALSE","1","LoNL","TRUE","no_analysis","estimate",NA,NA,NA,NA,NA,NA,17165,NA,NA,705,0,16460,0.00445285800588073,"0.14","0.014"
"224","biggar_2024-07-10_08:40:52.633866_1.2e-06_0.14_1.4_1000_10","2024-07-10 08:58:05.424317","20000","3","1330000","1000","10",1e+06,"2.63157894736842e-10",1.4e-07,1.4e-06,"2.25563909774436e-10",1.2e-06,"6.66666666666667e-09","0.3","0.033","0","BLoM","FALSE","1","LoNL","TRUE","no_analysis","estimate",NA,NA,NA,NA,NA,NA,17477,NA,NA,667,0,16810,0.00456867158896924,"0.14","1.4"
"226","biggar_2024-07-10_08:53:07.60178_1.2e-06_1.4_1.4_1000_10","2024-07-10 09:29:27.394165","20000","3","1330000","1000","10",1e+06,"2.63157894736842e-09",1.4e-06,1.4e-06,"2.25563909774436e-10",1.2e-06,"6.66666666666667e-09","0.3","0.033","0","BLoM","FALSE","1","LoNL","TRUE","no_analysis","estimate",NA,NA,NA,NA,NA,NA,22083,NA,NA,843,0,21240,0.00480227520457733,"1.4","1.4"
"228","biggar_2024-07-10_09:00:37.621032_1.2e-06_14_1.4_1000_10","2024-07-10 10:14:12.171672","20000","3","1330000","1000","10",1e+06,"2.63157894736842e-08",1.4e-05,1.4e-06,"2.25563909774436e-10",1.2e-06,"6.66666666666667e-09","0.3","0.033","0","BLoM","FALSE","1","LoNL","TRUE","no_analysis","estimate",NA,NA,NA,NA,NA,NA,26643,NA,NA,1093,0,25550,0.00484065803290839,"14","1.4"
"230","bigshot_2024-07-10_00:45:52.671466_1.2e-06_14_0.014_1000_10","2024-07-10 04:07:07.526734","20000","3","1330000","1000","10",1e+06,"2.63157894736842e-08",1.4e-05,1.4e-08,"2.25563909774436e-10",1.2e-06,"6.66666666666667e-09","0.3","0.033","0","BLoM","FALSE","1","LoNL","TRUE","no_analysis","estimate",NA,NA,NA,NA,NA,NA,25975,NA,NA,1031,0,24944,0.00475350834504179,"14","0.014"
"232","bigshot_2024-07-10_00:45:52.682753_1.2e-06_0.14_1.4_1000_10","2024-07-10 01:17:56.410052","20000","3","1330000","1000","10",1e+06,"2.63157894736842e-10",1.4e-07,1.4e-06,"2.25563909774436e-10",1.2e-06,"6.66666666666667e-09","0.3","0.033","0","BLoM","FALSE","1","LoNL","TRUE","no_analysis","estimate",NA,NA,NA,NA,NA,NA,17364,NA,NA,655,0,16709,0.004421825649984,"0.14","1.4"
"234","bigshot_2024-07-10_03:41:38.066205_1.2e-06_0.014_1.4_1000_10","2024-07-10 04:08:42.833313","20000","3","1330000","1000","10",1e+06,"2.63157894736842e-11",1.4e-08,1.4e-06,"2.25563909774436e-10",1.2e-06,"6.66666666666667e-09","0.3","0.033","0","BLoM","FALSE","1","LoNL","TRUE","no_analysis","estimate",NA,NA,NA,NA,NA,NA,16135,NA,NA,625,0,15510,0.00420975705902517,"0.014","1.4"
"236","bigshot_2024-07-10_04:09:07.616673_1.2e-06_14_0.14_1000_10","2024-07-10 07:31:01.525162","20000","3","1330000","1000","10",1e+06,"2.63157894736842e-08",1.4e-05,1.4e-07,"2.25563909774436e-10",1.2e-06,"6.66666666666667e-09","0.3","0.033","0","BLoM","FALSE","1","LoNL","TRUE","no_analysis","estimate",NA,NA,NA,NA,NA,NA,26956,NA,NA,1140,0,25816,0.00478573914000314,"14","0.14"
"238","bigshot_2024-07-10_08:41:37.642319_1.2e-06_1.4_0.014_1000_10","2024-07-10 09:46:16.084963","20000","3","1330000","1000","10",1e+06,"2.63157894736842e-09",1.4e-06,1.4e-08,"2.25563909774436e-10",1.2e-06,"6.66666666666667e-09","0.3","0.033","0","BLoM","FALSE","1","LoNL","TRUE","no_analysis","estimate",NA,NA,NA,NA,NA,NA,22794,NA,NA,901,0,21893,0.00471053730573019,"1.4","0.014"
