"","Set_ID","Time","end_gen","ngen_expt","Ne","n_ind_exp","n_cages","sequence_length","r_msp","r","r_expt","mu_msp","mu","mu_neutral","shape","scale","mut_ratio","proj","LDdelta","pa","Vs","randomise","pdelta_method","bdelta_method","vA_true","vA_est","pdelta_est","pdelta_var_est","bdelta_intercept_est","bdelta_slope_est","seg_sites","bdelta_var_est","vA_left","map_length","map_length_expt","map_length_history"
"1","bigbird_2024-07-06_15:48:19.720206_1.2e-06_0.14_1.4_1000_10","2024-07-06 17:14:02.248367","20000","3","1330000","1000","10",1e+06,"2.63157894736842e-10",1.4e-07,1.4e-06,"2.25563909774436e-10",1.2e-06,"7.5187969924812e-11","0.3","0.033","0","BLoM","FALSE","1","LoNL","TRUE","optim","estimate",0.0203681870433304,0.00933112917131803,-0.137626008688109,"0.1356161955201",0.0002969396536871,0.00253756169397895,"16407","3.32461462683062e-06_8.27658177657149e-07_6.0131272471994e-08",0.0203681870433304,"0.14","1.4","0.14"
"3","bigbird_2024-07-06_15:48:19.721025_1.2e-06_0.014_0.14_1000_10","2024-07-06 16:52:43.666397","20000","3","1330000","1000","10",1e+06,"2.63157894736842e-11",1.4e-08,1.4e-07,"2.25563909774436e-10",1.2e-06,"7.5187969924812e-11","0.3","0.033","0","BLoM","FALSE","1","LoNL","TRUE","optim","estimate",0.0169939079803374,0.00817933554576148,0.0345584004741239,"0.118657554011387",0.00184411623094376,0.00313136839953283,"15473","5.13006965726313e-06_1.94150357940039e-06_-5.69871063176395e-07",0.0169939079803374,"0.014","0.14","0.014"
"5","bigbird_2024-07-06_16:53:35.443583_1.2e-06_0.14_0.014_1000_10","2024-07-06 18:11:03.958007","20000","3","1330000","1000","10",1e+06,"2.63157894736842e-10",1.4e-07,1.4e-08,"2.25563909774436e-10",1.2e-06,"7.5187969924812e-11","0.3","0.033","0","BLoM","FALSE","1","LoNL","TRUE","optim","estimate",0.0216006603018714,0.0174452034457361,0.00241815689793116,"0.054170686247196",-0.00360918742835476,0.00456856760933238,"16230","3.15934246125025e-06_1.1687508706297e-06_-3.13451448735306e-07",0.0216006603018714,"0.14","0.014","0.14"
"7","bigbird_2024-07-06_17:14:19.607584_1.2e-06_0.14_1.4_1000_10","2024-07-06 18:43:13.465853","20000","3","1330000","1000","10",1e+06,"2.63157894736842e-10",1.4e-07,1.4e-06,"2.25563909774436e-10",1.2e-06,"7.5187969924812e-11","0.3","0.033","0","BLoM","FALSE","1","LoNL","TRUE","optim","estimate",0.0226621022653603,0.0139894452637736,-0.319532324957218,"0.0835026343891957",-0.000333645702351139,0.005927573241949,"15867","2.41499316082131e-06_1.28541272524071e-06_-1.34676610910976e-07",0.0226621022653603,"0.14","1.4","0.14"
"9","bigbird_2024-07-06_18:12:19.690029_1.2e-06_0.014_0.014_1000_10","2024-07-06 19:34:29.250358","20000","3","1330000","1000","10",1e+06,"2.63157894736842e-11",1.4e-08,1.4e-08,"2.25563909774436e-10",1.2e-06,"7.5187969924812e-11","0.3","0.033","0","BLoM","FALSE","1","LoNL","TRUE","optim","estimate",0.0214704211766084,0.0198651511545003,0.465318145480146,"0.104797035002125",-0.00161659331146759,0.0084411529950311,"14897","5.1952826413724e-06_3.946673076334e-06_4.17747798842496e-08",0.0214704211766084,"0.014","0.014","0.014"
"11","bigbird_2024-07-06_18:43:19.613266_1.2e-06_0.14_0.014_1000_10","2024-07-06 19:52:48.525963","20000","3","1330000","1000","10",1e+06,"2.63157894736842e-10",1.4e-07,1.4e-08,"2.25563909774436e-10",1.2e-06,"7.5187969924812e-11","0.3","0.033","0","BLoM","FALSE","1","LoNL","TRUE","optim","estimate",0.0214366480210531,0.0072296047576682,2,"9.9166328699848",0.000558479898222397,0.00358971976517221,"16632","1.82567065209154e-06_7.07993245110382e-07_9.13074600622673e-08",0.0214366480210531,"0.14","0.014","0.14"
"13","bigbird_2024-07-06_19:34:34.619436_1.2e-06_0.014_0.14_1000_10","2024-07-06 20:38:33.287916","20000","3","1330000","1000","10",1e+06,"2.63157894736842e-11",1.4e-08,1.4e-07,"2.25563909774436e-10",1.2e-06,"7.5187969924812e-11","0.3","0.033","0","BLoM","FALSE","1","LoNL","TRUE","optim","estimate",0.0187581581256573,0.0197899713403734,-0.0175300757724022,"0.0180030325296539",0.00115906827894516,0.00440761034624623,"15776","5.24811379466834e-06_1.93379196290035e-06_9.77588527824742e-08",0.0187581581256573,"0.014","0.14","0.014"
"15","bigbird_2024-07-06_19:53:04.603683_1.2e-06_0.14_0.014_1000_10","2024-07-06 21:10:23.639546","20000","3","1330000","1000","10",1e+06,"2.63157894736842e-10",1.4e-07,1.4e-08,"2.25563909774436e-10",1.2e-06,"7.5187969924812e-11","0.3","0.033","0","BLoM","FALSE","1","LoNL","TRUE","optim","estimate",0.0228772883263954,0.00733246192766986,0.122003813878306,"0.176719359570028",-0.000780877388392465,0.00273576201553328,"16320","1.52341619939053e-06_5.56882526801212e-07_-2.01145376566294e-07",0.0228772883263954,"0.14","0.014","0.14"
"17","bigbird_2024-07-06_20:38:49.599782_1.2e-06_1.4_1.4_1000_10","2024-07-06 23:48:35.353617","20000","3","1330000","1000","10",1e+06,"2.63157894736842e-09",1.4e-06,1.4e-06,"2.25563909774436e-10",1.2e-06,"7.5187969924812e-11","0.3","0.033","0","BLoM","FALSE","1","LoNL","TRUE","optim","estimate",0.0226452747976983,0.0131040873533487,-0.885418775077071,"0.17746226126591",5.30173004080198e-05,0.00332337118343099,"21320","4.66033234467055e-07_4.83101194213176e-07_-2.66150754638371e-09",0.0226452747976983,"1.4","1.4","1.4"
"19","bigbird_2024-07-06_21:10:34.614347_1.2e-06_0.014_0.14_1000_10","2024-07-06 22:06:31.682094","20000","3","1330000","1000","10",1e+06,"2.63157894736842e-11",1.4e-08,1.4e-07,"2.25563909774436e-10",1.2e-06,"7.5187969924812e-11","0.3","0.033","0","BLoM","FALSE","1","LoNL","TRUE","optim","estimate",0.015219009209866,0.0254460671908874,0.375692043615481,"0.105071876983014",0.000577412224840706,0.00652964288337794,"14941","5.6116041806679e-06_2.38939314974731e-06_1.96812740006741e-07",0.015219009209866,"0.014","0.14","0.014"
"21","bigbird_2024-07-06_22:06:49.664615_1.2e-06_0.14_0.14_1000_10","2024-07-07 00:00:27.103853","20000","3","1330000","1000","10",1e+06,"2.63157894736842e-10",1.4e-07,1.4e-07,"2.25563909774436e-10",1.2e-06,"7.5187969924812e-11","0.3","0.033","0","BLoM","FALSE","1","LoNL","TRUE","optim","estimate",0.0275493230387483,0.0212339636971818,0.241646864574161,"0.0839727390312581",-0.000976176278769059,0.00489398518759014,"15594","3.10108927072413e-06_1.09360770394412e-06_-4.04640080345075e-07",0.0275493230387483,"0.14","0.14","0.14"
"23","bigbird_2024-07-06_23:50:21.330937_1.2e-06_0.14_0.14_1000_10","2024-07-07 01:19:58.399865","20000","3","1330000","1000","10",1e+06,"2.63157894736842e-10",1.4e-07,1.4e-07,"2.25563909774436e-10",1.2e-06,"7.5187969924812e-11","0.3","0.033","0","BLoM","FALSE","1","LoNL","TRUE","optim","estimate",0.0199316568302715,0.00623508814738217,0.0173994302342661,"0.0441939874776586",0.000195953724819235,0.00358406876941958,"15679","1.59250098592406e-06_7.57878059160305e-07_-1.22138703603844e-09",0.0199316568302715,"0.14","0.14","0.14"
"25","bigbird_2024-07-07_00:00:34.628167_1.2e-06_1.4_0.014_1000_10","2024-07-07 02:37:57.628166","20000","3","1330000","1000","10",1e+06,"2.63157894736842e-09",1.4e-06,1.4e-08,"2.25563909774436e-10",1.2e-06,"7.5187969924812e-11","0.3","0.033","0","BLoM","FALSE","1","LoNL","TRUE","optim","estimate",0.0229055618344052,0.00552238673571489,2,"7.55234297217786",0.0011702030782468,0.00344069015981077,"21082","5.77045183022615e-07_4.97414639799471e-07_6.64814361991696e-09",0.0229055618344052,"1.4","0.014","1.4"
"27","bigbird_2024-07-07_01:20:05.133967_1.2e-06_0.014_1.4_1000_10","2024-07-07 03:14:06.762348","20000","3","1330000","1000","10",1e+06,"2.63157894736842e-11",1.4e-08,1.4e-06,"2.25563909774436e-10",1.2e-06,"7.5187969924812e-11","0.3","0.033","0","BLoM","FALSE","1","LoNL","TRUE","optim","estimate",0.0175383052759848,0.0166050306245552,0.381108737202066,"0.191039885870035",-0.00258433553985497,0.00535365077049853,"16219","3.94003365115798e-06_2.3962153928258e-06_6.5212760505042e-07",0.0175383052759848,"0.014","1.4","0.014"
"29","bigfoot_2024-07-06_15:48:19.661717_1.2e-06_0.014_1.4_1000_10","2024-07-06 16:44:44.553069","20000","3","1330000","1000","10",1e+06,"2.63157894736842e-11",1.4e-08,1.4e-06,"2.25563909774436e-10",1.2e-06,"7.5187969924812e-11","0.3","0.033","0","BLoM","FALSE","1","LoNL","TRUE","optim","estimate",0.0190106484338348,0.0256257154360781,0.0919704841586939,"0.0633843213506719",-0.00205252624876407,0.00362370662452229,"15111","6.38151433063336e-06_1.68846202661183e-06_-8.29468053456738e-08",0.0190106484338348,"0.014","1.4","0.014"
"31","bigfoot_2024-07-06_15:48:19.664238_1.2e-06_1.4_0.014_1000_10","2024-07-06 18:12:37.374308","20000","3","1330000","1000","10",1e+06,"2.63157894736842e-09",1.4e-06,1.4e-08,"2.25563909774436e-10",1.2e-06,"7.5187969924812e-11","0.3","0.033","0","BLoM","FALSE","1","LoNL","TRUE","optim","estimate",0.0235181099919927,0.00567560426405914,2,"12.9810171930367",-0.000670745073197695,0.00360540466366364,"21569","4.93415904318399e-07_5.51663161048084e-07_-5.08902388598236e-08",0.0235181099919927,"1.4","0.014","1.4"
"33","bigfoot_2024-07-06_16:44:49.581084_1.2e-06_0.014_0.14_1000_10","2024-07-06 17:53:57.967584","20000","3","1330000","1000","10",1e+06,"2.63157894736842e-11",1.4e-08,1.4e-07,"2.25563909774436e-10",1.2e-06,"7.5187969924812e-11","0.3","0.033","0","BLoM","FALSE","1","LoNL","TRUE","optim","estimate",0.0197381307163875,0.00778871960341502,-0.0469835850791302,"0.0835059733880404",0.00281814110174148,0.00435688152893202,"14644","4.91859015521126e-06_1.7436957056155e-06_-7.72093228555727e-08",0.0197381307163875,"0.014","0.14","0.014"
"35","bigfoot_2024-07-06_17:56:21.059124_1.2e-06_1.4_1.4_1000_10","2024-07-06 20:22:11.079582","20000","3","1330000","1000","10",1e+06,"2.63157894736842e-09",1.4e-06,1.4e-06,"2.25563909774436e-10",1.2e-06,"7.5187969924812e-11","0.3","0.033","0","BLoM","FALSE","1","LoNL","TRUE","optim","estimate",0.0240829618705221,0.00870166707128499,-0.279124328828955,"0.441820057484622",-0.00151751526806008,0.00386744332825538,"21258","5.22963713117017e-07_4.77682521258336e-07_2.43227601926549e-08",0.0240829618705221,"1.4","1.4","1.4"
"37","bigfoot_2024-07-06_18:12:49.589325_1.2e-06_0.014_0.14_1000_10","2024-07-06 19:16:00.854266","20000","3","1330000","1000","10",1e+06,"2.63157894736842e-11",1.4e-08,1.4e-07,"2.25563909774436e-10",1.2e-06,"7.5187969924812e-11","0.3","0.033","0","BLoM","FALSE","1","LoNL","TRUE","optim","estimate",0.0178445375856045,0.0262641932402891,0.169587410501463,"0.0685501621199489",-0.00083350819505513,0.00520522260040239,"15611","5.73502238721262e-06_3.016806881856e-06_4.85036641726538e-08",0.0178445375856045,"0.014","0.14","0.014"
"39","bigfoot_2024-07-06_19:16:04.595217_1.2e-06_1.4_1.4_1000_10","2024-07-06 22:12:48.688709","20000","3","1330000","1000","10",1e+06,"2.63157894736842e-09",1.4e-06,1.4e-06,"2.25563909774436e-10",1.2e-06,"7.5187969924812e-11","0.3","0.033","0","BLoM","FALSE","1","LoNL","TRUE","optim","estimate",0.0258804316343938,0.0122174841733328,-0.152533993122711,"0.442312563344564",0.000724527694553504,0.00393715049952405,"22091","6.09933985185531e-07_5.98360340647486e-07_8.05202253244482e-08",0.0258804316343938,"1.4","1.4","1.4"
"41","bigfoot_2024-07-06_20:22:19.830699_1.2e-06_1.4_0.014_1000_10","2024-07-06 23:43:41.333282","20000","3","1330000","1000","10",1e+06,"2.63157894736842e-09",1.4e-06,1.4e-08,"2.25563909774436e-10",1.2e-06,"7.5187969924812e-11","0.3","0.033","0","BLoM","FALSE","1","LoNL","TRUE","optim","estimate",0.0234772521618453,0.00923424547786542,0.721810712964531,"2.78153864078181",0.000884862627955724,0.00231558373676053,"21747","6.24154397622058e-07_6.35033295619054e-07_4.24817780131048e-08",0.0234772521618453,"1.4","0.014","1.4"
"43","bigfoot_2024-07-06_22:15:05.894945_1.2e-06_0.14_1.4_1000_10","2024-07-06 23:50:50.003422","20000","3","1330000","1000","10",1e+06,"2.63157894736842e-10",1.4e-07,1.4e-06,"2.25563909774436e-10",1.2e-06,"7.5187969924812e-11","0.3","0.033","0","BLoM","FALSE","1","LoNL","TRUE","optim","estimate",0.0191332155642345,0.00575914564640465,-0.261665994396311,"0.24141781962514",-0.000244400959046576,0.00355752071746363,"15735","2.74615639728061e-06_6.8408949579563e-07_-1.74865735101634e-07",0.0191332155642345,"0.14","1.4","0.14"
"45","bigfoot_2024-07-06_23:45:50.413358_1.2e-06_0.014_1.4_1000_10","2024-07-07 00:58:29.474577","20000","3","1330000","1000","10",1e+06,"2.63157894736842e-11",1.4e-08,1.4e-06,"2.25563909774436e-10",1.2e-06,"7.5187969924812e-11","0.3","0.033","0","BLoM","FALSE","1","LoNL","TRUE","optim","estimate",0.0178532747510953,0.0153845795957842,-0.225870503230796,"0.0457619608576845",-0.00266319714981506,0.00505800891607815,"15115","5.87943520317303e-06_2.19627801779094e-06_-4.35539101538766e-07",0.0178532747510953,"0.014","1.4","0.014"
"47","bigfoot_2024-07-06_23:51:04.632764_1.2e-06_0.14_1.4_1000_10","2024-07-07 01:21:47.060041","20000","3","1330000","1000","10",1e+06,"2.63157894736842e-10",1.4e-07,1.4e-06,"2.25563909774436e-10",1.2e-06,"7.5187969924812e-11","0.3","0.033","0","BLoM","FALSE","1","LoNL","TRUE","optim","estimate",0.0206474968920817,0.00975485778658927,-0.334293950254659,"0.0572754767247973",-0.00172221952111958,0.00308968384117867,"16403","2.69742941768698e-06_1.08407580194469e-06_-9.68140081754627e-08",0.0206474968920817,"0.14","1.4","0.14"
"49","bigfoot_2024-07-07_01:00:34.613757_1.2e-06_0.014_0.14_1000_10","2024-07-07 02:10:14.115372","20000","3","1330000","1000","10",1e+06,"2.63157894736842e-11",1.4e-08,1.4e-07,"2.25563909774436e-10",1.2e-06,"7.5187969924812e-11","0.3","0.033","0","BLoM","FALSE","1","LoNL","TRUE","optim","estimate",0.0172262675229201,0.0157543574512296,0.37200829640321,"0.143678563257788",0.000553496457344873,0.00820595663380927,"15304","4.17468037610175e-06_2.88721598604904e-06_-2.69986444607726e-07",0.0172262675229201,"0.014","0.14","0.014"
"51","bigfoot_2024-07-07_01:22:04.625761_1.2e-06_0.14_0.014_1000_10","2024-07-07 02:47:31.474257","20000","3","1330000","1000","10",1e+06,"2.63157894736842e-10",1.4e-07,1.4e-08,"2.25563909774436e-10",1.2e-06,"7.5187969924812e-11","0.3","0.033","0","BLoM","FALSE","1","LoNL","TRUE","optim","estimate",0.0245294288509334,0.0108015300393079,0.183521027020065,"0.168838167337661",0.00119809045956623,0.00413426757793736,"17020","2.02776455535124e-06_9.52855422049143e-07_-4.572403799047e-08",0.0245294288509334,"0.14","0.014","0.14"
"53","bigfoot_2024-07-07_02:10:19.59925_1.2e-06_1.4_0.014_1000_10","2024-07-07 05:06:32.312884","20000","3","1330000","1000","10",1e+06,"2.63157894736842e-09",1.4e-06,1.4e-08,"2.25563909774436e-10",1.2e-06,"7.5187969924812e-11","0.3","0.033","0","BLoM","FALSE","1","LoNL","TRUE","optim","estimate",0.0248554006806253,0.00873862426122826,0.294518266129921,"0.8151332410163",-0.000303356702248767,0.00403016478541878,"21548","6.2658388838913e-07_5.72523204791542e-07_-1.36215362090183e-08",0.0248554006806253,"1.4","0.014","1.4"
"55","biggar_2024-07-06_15:48:19.625217_1.2e-06_0.014_0.014_1000_10","2024-07-06 16:18:11.255953","20000","3","1330000","1000","10",1e+06,"2.63157894736842e-11",1.4e-08,1.4e-08,"2.25563909774436e-10",1.2e-06,"7.5187969924812e-11","0.3","0.033","0","BLoM","FALSE","1","LoNL","TRUE","optim","estimate",0.0189799052347654,0.0334164664219479,0.385959392764655,"0.0598881037217217",-0.00208970580050119,0.00604609324432069,"15756","6.1169272549652e-06_2.63347756392617e-06_1.7255162636948e-07",0.0189799052347654,"0.014","0.014","0.014"
"57","biggar_2024-07-06_15:48:19.628622_1.2e-06_0.14_0.14_1000_10","2024-07-06 16:26:13.40252","20000","3","1330000","1000","10",1e+06,"2.63157894736842e-10",1.4e-07,1.4e-07,"2.25563909774436e-10",1.2e-06,"7.5187969924812e-11","0.3","0.033","0","BLoM","FALSE","1","LoNL","TRUE","optim","estimate",0.0227246692583719,0.00585082723155689,-0.207321369576218,"0.179849441319608",-0.00283375715638157,0.0034824350729045,"17076","1.45284949312044e-06_5.72773931347529e-07_-1.38931061125013e-07",0.0227246692583719,"0.14","0.14","0.14"
"59","biggar_2024-07-06_16:18:20.277112_1.2e-06_1.4_1.4_1000_10","2024-07-06 17:45:47.188688","20000","3","1330000","1000","10",1e+06,"2.63157894736842e-09",1.4e-06,1.4e-06,"2.25563909774436e-10",1.2e-06,"7.5187969924812e-11","0.3","0.033","0","BLoM","FALSE","1","LoNL","TRUE","optim","estimate",0.0243579206682239,0.00355400856587826,-0.824701717519047,"1.33985069599725",-0.000145360729875682,0.00389751943799616,"21442","4.38110966085629e-07_3.90188285003095e-07_5.86803018744643e-09",0.0243579206682239,"1.4","1.4","1.4"
"61","biggar_2024-07-06_16:26:19.63142_1.2e-06_0.014_0.014_1000_10","2024-07-06 16:51:22.741938","20000","3","1330000","1000","10",1e+06,"2.63157894736842e-11",1.4e-08,1.4e-08,"2.25563909774436e-10",1.2e-06,"7.5187969924812e-11","0.3","0.033","0","BLoM","FALSE","1","LoNL","TRUE","optim","estimate",0.0165718497765914,0.00539220634977994,0.171217360050162,"0.644893199469897",0.00286727916795493,0.00221500310585818,"14638","4.82332150054872e-06_8.5678559075938e-07_1.35314792575229e-07",0.0165718497765914,"0.014","0.014","0.014"
"63","biggar_2024-07-06_16:51:34.677249_1.2e-06_0.014_1.4_1000_10","2024-07-06 17:25:42.076471","20000","3","1330000","1000","10",1e+06,"2.63157894736842e-11",1.4e-08,1.4e-06,"2.25563909774436e-10",1.2e-06,"7.5187969924812e-11","0.3","0.033","0","BLoM","FALSE","1","LoNL","TRUE","optim","estimate",0.0203068678869122,0.0122058942202256,-0.235818181378395,"0.0581520083651269",0.00159246471769668,0.00813732036001046,"15594","4.32935297207953e-06_2.72108194227666e-06_3.1799708793451e-07",0.0203068678869122,"0.014","1.4","0.014"
"65","biggar_2024-07-06_17:25:51.87735_1.2e-06_1.4_0.014_1000_10","2024-07-06 18:39:54.53478","20000","3","1330000","1000","10",1e+06,"2.63157894736842e-09",1.4e-06,1.4e-08,"2.25563909774436e-10",1.2e-06,"7.5187969924812e-11","0.3","0.033","0","BLoM","FALSE","1","LoNL","TRUE","optim","estimate",0.0281456665579918,0.00437117562251664,0.26357331439055,"1.73805191302403",-0.000411605865854173,0.00374839524946258,"21452","5.68924147608738e-07_4.51498784768214e-07_-3.00143415088349e-08",0.0281456665579918,"1.4","0.014","1.4"
"67","biggar_2024-07-06_17:46:04.629967_1.2e-06_1.4_0.14_1000_10","2024-07-06 18:44:38.293982","20000","3","1330000","1000","10",1e+06,"2.63157894736842e-09",1.4e-06,1.4e-07,"2.25563909774436e-10",1.2e-06,"7.5187969924812e-11","0.3","0.033","0","BLoM","FALSE","1","LoNL","TRUE","optim","estimate",0.0238273006489556,0.000153765729662953,-0.00045277010940481,"-355.483875776269",-0.000105798547760556,0.0016319825632749,"21525","4.26549642396952e-07_3.88865693869575e-07_1.42137384846207e-08",0.0238273006489556,"1.4","0.14","1.4"
"69","biggar_2024-07-06_18:40:51.281045_1.2e-06_0.014_1.4_1000_10","2024-07-06 19:11:40.709011","20000","3","1330000","1000","10",1e+06,"2.63157894736842e-11",1.4e-08,1.4e-06,"2.25563909774436e-10",1.2e-06,"7.5187969924812e-11","0.3","0.033","0","BLoM","FALSE","1","LoNL","TRUE","optim","estimate",0.0205928066987761,0.0101580688449219,-0.166088052069353,"0.0706231343574704",-0.000725540604486499,0.00435401354958206,"15405","3.32390829767438e-06_1.38916670949447e-06_-3.60964478259065e-07",0.0205928066987761,"0.014","1.4","0.014"
"71","biggar_2024-07-06_18:44:49.631783_1.2e-06_0.14_0.14_1000_10","2024-07-06 19:24:49.799594","20000","3","1330000","1000","10",1e+06,"2.63157894736842e-10",1.4e-07,1.4e-07,"2.25563909774436e-10",1.2e-06,"7.5187969924812e-11","0.3","0.033","0","BLoM","FALSE","1","LoNL","TRUE","optim","estimate",0.022344618325383,0.00759360581504378,0.341751470811093,"0.26748007672206",-0.00100644205431138,0.00468714607522481,"16685","2.25150711427343e-06_1.09918048744267e-06_-1.5892515618454e-07",0.022344618325383,"0.14","0.14","0.14"
"73","biggar_2024-07-06_19:11:51.957147_1.2e-06_1.4_0.14_1000_10","2024-07-06 20:35:49.713469","20000","3","1330000","1000","10",1e+06,"2.63157894736842e-09",1.4e-06,1.4e-07,"2.25563909774436e-10",1.2e-06,"7.5187969924812e-11","0.3","0.033","0","BLoM","FALSE","1","LoNL","TRUE","optim","estimate",0.0243163262582267,0.0115660726947382,-0.204198505557141,"0.294607238118103",0.000243163432170945,0.00390578036457249,"21783","5.9907688500943e-07_5.00389874562798e-07_3.74518405379135e-08",0.0243163262582267,"1.4","0.14","1.4"
"75","biggar_2024-07-06_19:25:04.629347_1.2e-06_0.014_0.014_1000_10","2024-07-06 19:48:07.979533","20000","3","1330000","1000","10",1e+06,"2.63157894736842e-11",1.4e-08,1.4e-08,"2.25563909774436e-10",1.2e-06,"7.5187969924812e-11","0.3","0.033","0","BLoM","FALSE","1","LoNL","TRUE","optim","estimate",0.0143309563130444,0.00769020514893498,0.222111959538593,"0.138803741257918",-0.0012276663991832,0.00548009250292071,"14706","6.13337708703297e-06_2.68201096308595e-06_-3.7732378854449e-07",0.0143309563130444,"0.014","0.014","0.014"
"77","biggar_2024-07-06_19:48:19.621541_1.2e-06_0.014_1.4_1000_10","2024-07-06 20:19:24.277026","20000","3","1330000","1000","10",1e+06,"2.63157894736842e-11",1.4e-08,1.4e-06,"2.25563909774436e-10",1.2e-06,"7.5187969924812e-11","0.3","0.033","0","BLoM","FALSE","1","LoNL","TRUE","optim","estimate",0.0152434750576544,0.00833783602308292,-0.467091630322156,"0.109171985938161",-0.000553803863620025,0.00229005661983796,"15145","4.2098599949936e-06_7.00711758701083e-07_4.14469854256271e-07",0.0152434750576544,"0.014","1.4","0.014"
"79","biggar_2024-07-06_20:19:36.052922_1.2e-06_0.14_1.4_1000_10","2024-07-06 21:06:03.063526","20000","3","1330000","1000","10",1e+06,"2.63157894736842e-10",1.4e-07,1.4e-06,"2.25563909774436e-10",1.2e-06,"7.5187969924812e-11","0.3","0.033","0","BLoM","FALSE","1","LoNL","TRUE","optim","estimate",0.0189587681234238,0.0169068340881925,-0.492409311443148,"0.0298276279144363",0.000253163080050976,0.00129404839445494,"16418","2.2004596343492e-06_6.94050726094475e-07_2.5504328683241e-07",0.0189587681234238,"0.14","1.4","0.14"
"81","biggar_2024-07-06_20:36:04.617178_1.2e-06_1.4_0.14_1000_10","2024-07-06 21:56:24.7799","20000","3","1330000","1000","10",1e+06,"2.63157894736842e-09",1.4e-06,1.4e-07,"2.25563909774436e-10",1.2e-06,"7.5187969924812e-11","0.3","0.033","0","BLoM","FALSE","1","LoNL","TRUE","optim","estimate",0.0215144128235592,0.00767878940219356,-0.205925159582479,"0.302358142464315",0.00103232755849873,0.00154910389654834,"21765","5.93125459295626e-07_4.60041938542526e-07_3.185283674223e-08",0.0215144128235592,"1.4","0.14","1.4"
"83","biggar_2024-07-06_21:06:19.622545_1.2e-06_0.014_0.014_1000_10","2024-07-06 21:38:18.183607","20000","3","1330000","1000","10",1e+06,"2.63157894736842e-11",1.4e-08,1.4e-08,"2.25563909774436e-10",1.2e-06,"7.5187969924812e-11","0.3","0.033","0","BLoM","FALSE","1","LoNL","TRUE","optim","estimate",0.0201122411377992,0.00870337866530542,0.268882998863322,"0.09416384951243",-0.00116937672477632,0.00300624183737219,"15520","4.33427939086979e-06_1.08774496677749e-06_-1.84050996641501e-08",0.0201122411377992,"0.014","0.014","0.014"
"85","biggar_2024-07-06_21:38:35.421108_1.2e-06_0.014_1.4_1000_10","2024-07-06 22:26:15.78281","20000","3","1330000","1000","10",1e+06,"2.63157894736842e-11",1.4e-08,1.4e-06,"2.25563909774436e-10",1.2e-06,"7.5187969924812e-11","0.3","0.033","0","BLoM","FALSE","1","LoNL","TRUE","optim","estimate",0.0243121487474357,0.0180860483486888,0.673554266735152,"0.136060271745932",0.00295736715209173,0.0059017027344169,"14959","4.89393431548449e-06_2.46354323222281e-06_-4.53027706685455e-08",0.0243121487474357,"0.014","1.4","0.014"
"87","biggar_2024-07-06_21:56:34.634473_1.2e-06_0.14_0.014_1000_10","2024-07-06 22:32:53.886184","20000","3","1330000","1000","10",1e+06,"2.63157894736842e-10",1.4e-07,1.4e-08,"2.25563909774436e-10",1.2e-06,"7.5187969924812e-11","0.3","0.033","0","BLoM","FALSE","1","LoNL","TRUE","optim","estimate",0.0192355486694663,0.0211873920238784,0.0163931736484959,"0.020720653655666",0.000941518686675551,0.00442305623338614,"16324","3.67451658924877e-06_1.29340943517413e-06_-6.89085145377902e-08",0.0192355486694663,"0.14","0.014","0.14"
"89","biggar_2024-07-06_22:26:34.74489_1.2e-06_1.4_0.014_1000_10","2024-07-06 23:39:30.230236","20000","3","1330000","1000","10",1e+06,"2.63157894736842e-09",1.4e-06,1.4e-08,"2.25563909774436e-10",1.2e-06,"7.5187969924812e-11","0.3","0.033","0","BLoM","FALSE","1","LoNL","TRUE","optim","estimate",0.0241929741060679,0.0046524126831536,2,"27.5590998653015",-0.00117136526522745,0.0035047108721056,"21046","5.85485219211951e-07_5.7243921270986e-07_-8.70909367920048e-08",0.0241929741060679,"1.4","0.014","1.4"
"91","biggar_2024-07-06_22:33:04.655189_1.2e-06_1.4_0.14_1000_10","2024-07-06 23:45:49.701227","20000","3","1330000","1000","10",1e+06,"2.63157894736842e-09",1.4e-06,1.4e-07,"2.25563909774436e-10",1.2e-06,"7.5187969924812e-11","0.3","0.033","0","BLoM","FALSE","1","LoNL","TRUE","optim","estimate",0.0249018617578303,0.00679194384038782,0.252721609121372,"0.819240456099384",-0.000341160207130877,0.00346051760990444,"21465","5.06665884716327e-07_3.83490951939668e-07_3.89677070150925e-09",0.0249018617578303,"1.4","0.14","1.4"
"93","biggar_2024-07-06_23:39:51.469021_1.2e-06_0.014_0.14_1000_10","2024-07-07 00:12:46.07114","20000","3","1330000","1000","10",1e+06,"2.63157894736842e-11",1.4e-08,1.4e-07,"2.25563909774436e-10",1.2e-06,"7.5187969924812e-11","0.3","0.033","0","BLoM","FALSE","1","LoNL","TRUE","optim","estimate",0.0156362328955403,0.0106309581499028,0.378710466615989,"0.147692813181985",-0.000707218059291292,0.00684825737910329,"15037","5.03739962649488e-06_3.43107595769106e-06_6.15096844666365e-08",0.0156362328955403,"0.014","0.14","0.014"
"95","biggar_2024-07-06_23:46:04.650379_1.2e-06_0.14_0.014_1000_10","2024-07-07 00:25:18.92018","20000","3","1330000","1000","10",1e+06,"2.63157894736842e-10",1.4e-07,1.4e-08,"2.25563909774436e-10",1.2e-06,"7.5187969924812e-11","0.3","0.033","0","BLoM","FALSE","1","LoNL","TRUE","optim","estimate",0.0237865280725855,0.0090605652033264,0.154703010548254,"0.133881292418247",0.00119791639819515,0.00348562488705784,"16558","2.32386564612351e-06_7.1857145507928e-07_-1.42829113054813e-08",0.0237865280725855,"0.14","0.014","0.14"
"97","biggar_2024-07-07_00:12:49.633278_1.2e-06_1.4_0.14_1000_10","2024-07-07 01:36:02.129904","20000","3","1330000","1000","10",1e+06,"2.63157894736842e-09",1.4e-06,1.4e-07,"2.25563909774436e-10",1.2e-06,"7.5187969924812e-11","0.3","0.033","0","BLoM","FALSE","1","LoNL","TRUE","optim","estimate",0.0222126395543033,0.00245899676183145,2,"160.688582795177",0.000560497978690748,0.00402917722138448,"21343","4.36830700384078e-07_5.06711866989449e-07_9.30027999284113e-09",0.0222126395543033,"1.4","0.14","1.4"
"99","biggar_2024-07-07_00:25:34.606805_1.2e-06_1.4_1.4_1000_10","2024-07-07 01:46:31.775118","20000","3","1330000","1000","10",1e+06,"2.63157894736842e-09",1.4e-06,1.4e-06,"2.25563909774436e-10",1.2e-06,"7.5187969924812e-11","0.3","0.033","0","BLoM","FALSE","1","LoNL","TRUE","optim","estimate",0.0242526218238863,0.00837866301084751,-0.179585524052776,"0.359488987566455",-6.56780260255493e-06,0.00233400011720948,"21821","5.2017688656388e-07_4.51884947671004e-07_1.46673940967194e-08",0.0242526218238863,"1.4","1.4","1.4"
"101","biggar_2024-07-07_01:36:20.103965_1.2e-06_0.14_0.14_1000_10","2024-07-07 02:12:37.991314","20000","3","1330000","1000","10",1e+06,"2.63157894736842e-10",1.4e-07,1.4e-07,"2.25563909774436e-10",1.2e-06,"7.5187969924812e-11","0.3","0.033","0","BLoM","FALSE","1","LoNL","TRUE","optim","estimate",0.0173399592894771,0.00695491500954758,0.03775561303676,"0.12687606875237",0.000202218182600094,0.00288896790734761,"16081","3.13386558042904e-06_9.73417470474819e-07_-1.09892163395915e-07",0.0173399592894771,"0.14","0.14","0.14"
"103","biggar_2024-07-07_01:46:49.634117_1.2e-06_0.14_1.4_1000_10","2024-07-07 02:27:19.176889","20000","3","1330000","1000","10",1e+06,"2.63157894736842e-10",1.4e-07,1.4e-06,"2.25563909774436e-10",1.2e-06,"7.5187969924812e-11","0.3","0.033","0","BLoM","FALSE","1","LoNL","TRUE","optim","estimate",0.0205225379764355,0.0189183802369861,-0.4613470769499,"0.0315527667674565",0.00114949594001404,0.002921846967006,"17088","2.44406655392023e-06_6.71340508913387e-07_-3.18510782193948e-08",0.0205225379764355,"0.14","1.4","0.14"
"105","biggar_2024-07-07_02:12:51.709189_1.2e-06_1.4_0.14_1000_10","2024-07-07 03:18:32.052948","20000","3","1330000","1000","10",1e+06,"2.63157894736842e-09",1.4e-06,1.4e-07,"2.25563909774436e-10",1.2e-06,"7.5187969924812e-11","0.3","0.033","0","BLoM","FALSE","1","LoNL","TRUE","optim","estimate",0.0216738021156398,0.00629975994090344,-0.0699294808299052,"0.577864288614801",0.00142609694531201,0.004534576185051,"21235","5.43058598002939e-07_5.67756803709754e-07_2.71214136348302e-08",0.0216738021156398,"1.4","0.14","1.4"
"107","bigshot_2024-07-06_15:48:19.718873_1.2e-06_1.4_0.14_1000_10","2024-07-06 19:00:08.195038","20000","3","1330000","1000","10",1e+06,"2.63157894736842e-09",1.4e-06,1.4e-07,"2.25563909774436e-10",1.2e-06,"7.5187969924812e-11","0.3","0.033","0","BLoM","FALSE","1","LoNL","TRUE","optim","estimate",0.0239558592236257,0.0045099577349128,1.63259489853643,"12.2947307966163",-0.00025738283430784,0.0039397008895141,"21102","5.11590891565025e-07_5.09588104972319e-07_3.45362204844554e-08",0.0239558592236257,"1.4","0.14","1.4"
"109","bigshot_2024-07-06_15:48:19.726605_1.2e-06_0.14_0.014_1000_10","2024-07-06 16:59:43.222214","20000","3","1330000","1000","10",1e+06,"2.63157894736842e-10",1.4e-07,1.4e-08,"2.25563909774436e-10",1.2e-06,"7.5187969924812e-11","0.3","0.033","0","BLoM","FALSE","1","LoNL","TRUE","optim","estimate",0.0197192166128562,0.00610378739229207,0.311609859175297,"0.397673023560114",-0.000407366297557309,0.00215186191650946,"15726","1.90458604907523e-06_5.35758941796311e-07_-2.62679403798152e-08",0.0197192166128562,"0.14","0.014","0.14"
"111","bigshot_2024-07-06_16:59:49.642645_1.2e-06_0.14_0.14_1000_10","2024-07-06 18:56:23.043161","20000","3","1330000","1000","10",1e+06,"2.63157894736842e-10",1.4e-07,1.4e-07,"2.25563909774436e-10",1.2e-06,"7.5187969924812e-11","0.3","0.033","0","BLoM","FALSE","1","LoNL","TRUE","optim","estimate",0.0195015225730764,0.0120326754163906,0.123276276936094,"0.121021248693394",0.00105372758089218,0.00387582824607906,"17328","1.9957068871888e-06_1.20765218318074e-06_1.68088897492122e-07",0.0195015225730764,"0.14","0.14","0.14"
"113","bigshot_2024-07-06_18:59:36.107001_1.2e-06_0.14_1.4_1000_10","2024-07-06 20:09:48.802896","20000","3","1330000","1000","10",1e+06,"2.63157894736842e-10",1.4e-07,1.4e-06,"2.25563909774436e-10",1.2e-06,"7.5187969924812e-11","0.3","0.033","0","BLoM","FALSE","1","LoNL","TRUE","optim","estimate",0.0196194980570849,0.0137061871260311,0.17002849515453,"0.181382519030281",-0.000171312647410391,0.00268929035490214,"16894","2.86391062000774e-06_7.77879434580122e-07_-5.05360648757539e-08",0.0196194980570849,"0.14","1.4","0.14"
"115","bigshot_2024-07-06_19:00:19.639608_1.2e-06_1.4_0.014_1000_10","2024-07-06 23:35:05.456953","20000","3","1330000","1000","10",1e+06,"2.63157894736842e-09",1.4e-06,1.4e-08,"2.25563909774436e-10",1.2e-06,"7.5187969924812e-11","0.3","0.033","0","BLoM","FALSE","1","LoNL","TRUE","optim","estimate",0.0249088358839859,0.0015207419315995,1.7206441862946,"7715.87107211228",1.76343118925321e-05,0.00392052561629584,"21448","4.30066182584533e-07_3.4117047846763e-07_-1.55279798883264e-08",0.0249088358839859,"1.4","0.014","1.4"
"117","bigshot_2024-07-06_20:10:04.671764_1.2e-06_0.14_0.14_1000_10","2024-07-06 21:54:18.79169","20000","3","1330000","1000","10",1e+06,"2.63157894736842e-10",1.4e-07,1.4e-07,"2.25563909774436e-10",1.2e-06,"7.5187969924812e-11","0.3","0.033","0","BLoM","FALSE","1","LoNL","TRUE","optim","estimate",0.0195009282414031,0.00710596200209383,-0.0902608517891641,"0.0775581706775232",0.000294745839027312,0.00281473168170139,"16263","2.59583169650455e-06_5.86284096817346e-07_6.35439901949901e-08",0.0195009282414031,"0.14","0.14","0.14"
"119","bigshot_2024-07-06_23:17:36.144529_1.2e-06_1.4_1.4_1000_10","2024-07-07 02:29:56.276856","20000","3","1330000","1000","10",1e+06,"2.63157894736842e-09",1.4e-06,1.4e-06,"2.25563909774436e-10",1.2e-06,"7.5187969924812e-11","0.3","0.033","0","BLoM","FALSE","1","LoNL","TRUE","optim","estimate",0.0232688692167754,0.00333780896177399,-0.420116224040588,"2.825563764747",-0.00104694765404011,0.00358625915630596,"21479","4.01145969245878e-07_3.5667176276586e-07_7.8577346731435e-09",0.0232688692167754,"1.4","1.4","1.4"
"121","bigshot_2024-07-06_23:35:19.664433_1.2e-06_0.014_0.014_1000_10","2024-07-07 00:36:59.171873","20000","3","1330000","1000","10",1e+06,"2.63157894736842e-11",1.4e-08,1.4e-08,"2.25563909774436e-10",1.2e-06,"7.5187969924812e-11","0.3","0.033","0","BLoM","FALSE","1","LoNL","TRUE","optim","estimate",0.0188156383093485,0.0205334401352138,0.268072734038634,"0.0713045219057075",0.000734263566285412,0.00719388533601603,"14995","4.92768556487665e-06_2.92916307143977e-06_2.87142052383356e-07",0.0188156383093485,"0.014","0.014","0.014"
"123","bigshot_2024-07-07_00:37:04.639079_1.2e-06_0.014_0.014_1000_10","2024-07-07 02:14:04.052694","20000","3","1330000","1000","10",1e+06,"2.63157894736842e-11",1.4e-08,1.4e-08,"2.25563909774436e-10",1.2e-06,"7.5187969924812e-11","0.3","0.033","0","BLoM","FALSE","1","LoNL","TRUE","optim","estimate",0.0204151117953518,0.0134349636695609,0.116193972878897,"0.115153896425847",0.00173353134029367,0.00446947343731416,"15710","5.47613056585665e-06_2.61018238143231e-06_1.79202630634315e-07",0.0204151117953518,"0.014","0.014","0.014"
"125","bigshot_2024-07-07_02:18:51.106828_1.2e-06_1.4_1.4_1000_10","2024-07-07 04:32:44.012474","20000","3","1330000","1000","10",1e+06,"2.63157894736842e-09",1.4e-06,1.4e-06,"2.25563909774436e-10",1.2e-06,"7.5187969924812e-11","0.3","0.033","0","BLoM","FALSE","1","LoNL","TRUE","optim","estimate",0.0247963362998131,0.0252400010319618,-2,"0.109046312830678",8.03407538156693e-05,0.00200274752498177,"21373","4.05082568936832e-07_3.86227656457475e-07_-5.41603043751224e-08",0.0247963362998131,"1.4","1.4","1.4"
