Set_ID,sim,Time,end_gen,ngen1,ngen2,Ne,n_ind,n_ind_exp,n_cages,sequence_length,r_msp,r,r_expt,mu_msp,mu,mu_expt,shape,scale,mut_ratio,flip_sel_coef,Ve_w,Ve_w_expt,proj,LDalpha,pa,Vs,randomise,palpha_method,balpha_method,Ne_exp,va_true,vA_true,vA_est,vA_alpha_emp,vA_BC,Ne_BC,Residual_var,palpha_emp,balpha_intercept_emp,balpha_slope_emp,sigma2alpha_emp,palpha_est,palpha_var_est,balpha_intercept_est,balpha_slope_est,balpha_var_est,sigma2alpha_est,seg_sites,seg_sites_neu,seg_sites_ben,seg_sites_del,mean_diversity,theta,all.gp,analysis_stamp
Set_9_bigbird_2024-12-26_00-57-27.204099_6.57090909090909e-08_0.5_2_1000_10_4_0_0,1,2024-12-26 01:30:18.039552,25000,1,4,2500,2500,1000,10,1e+06,5.32e-07,5e-07,2e-06,6.57090909090909e-08,6.57090909090909e-07,0,0.3,0.033,0,0,1,1,BLoM,FALSE,1,LoNL,TRUE,NA,NA_NA,1000_367.879441171442,0.0129623315897482,0.0133164840315227,0.0358277312288479,0.0214422778463331,NA,NA,1.0272624851011,-0.847640452811794,-8.73269148755032e-07,0.00102874371815357,4.81862701513612e-07,-1.20882201348882,0.0499676249014831,0.0002193363719275,0.000365246261246014,1.28603535920271e-07_1.83103028509097e-08_3.76253234570663e-09,1.39349726520144e-07,64877,53321,5821,5735,0.0146796477950583,0.00793324117949014,FALSE,biggar_2024-12-26_19-12-08.462796
Set_9_bigbird_2024-12-26_00-57-27.25767_6.06545454545455e-08_0.5_2_1000_10_4_0_0,1,2024-12-26 01:28:04.469701,25000,1,4,2500,2500,1000,10,1e+06,5.32e-07,5e-07,2e-06,6.06545454545455e-08,6.06545454545455e-07,0,0.3,0.033,0,0,1,1,BLoM,FALSE,1,LoNL,TRUE,NA,NA_NA,1000_367.879441171442,0.011988968527613,0.0121230821776272,0.021006090845603,0.0207242021009674,NA,NA,1.01160565423054,-0.830749872751662,-1.84571565430054e-05,0.000959041811351749,4.93244132206638e-07,-1.29207384932278,0.116796370287211,-0.000516616679434665,0.000180354485544208,1.03378359712163e-07_1.32334538072514e-08_-7.7901687353783e-10,4.55287783330695e-08,65056,54478,5286,5292,0.0144423940374447,0.00795512952468379,FALSE,bigbird_2024-12-26_22-00-02.223989
Set_9_bigbird_2024-12-26_00-57-27.263327_8.08727272727273e-08_0.5_2_1000_10_4_0_0,1,2024-12-26 01:31:22.862969,25000,1,4,2500,2500,1000,10,1e+06,5.32e-07,5e-07,2e-06,8.08727272727273e-08,8.08727272727273e-07,0,0.3,0.033,0,0,1,1,BLoM,FALSE,1,LoNL,TRUE,NA,NA_NA,1000_367.879441171442,0.0155584266242664,0.0156081933146043,0.0165278965494452,0.0278512415999354,NA,NA,1.01400244940322,-0.766538822294815,-2.82222479677694e-05,0.00142692499789545,9.36306053510518e-07,-1.30092598744647,0.129682856853755,-0.000781293295967108,0.000375284012542534,1.21243631375816e-07_1.87010935983997e-08_-3.99716128176268e-09,3.12183848957463e-08,64935,51445,6664,6826,0.0131733467005467,0.00794033349245791,FALSE,bigfoot_2024-12-26_21-57-44.961888
Set_9_bigbird_2024-12-26_00-57-27.263749_9.09818181818182e-08_0.5_2_1000_10_4_0_0,1,2024-12-26 01:39:42.698124,25000,1,4,2500,2500,1000,10,1e+06,5.32e-07,5e-07,2e-06,9.09818181818182e-08,9.09818181818182e-07,0,0.3,0.033,0,0,1,1,BLoM,FALSE,1,LoNL,TRUE,NA,NA_NA,1000_367.879441171442,0.0191478039541777,0.0179487698977977,0.0177275155155578,0.0479991958268751,NA,NA,1.04661459342311,-0.707592101550938,7.30915451136767e-06,0.00184223892552969,1.62427432350178e-06,-1.15051658827313,0.0620357376389987,0.000342318923228277,0.000112643637094706,1.15177660138703e-07_1.5285433529709e-08_-2.35376436869385e-09,1.01069400544479e-07,65050,49959,7566,7525,0.0126612862797848,0.0079543958371354,FALSE,bigbird_2024-12-26_22-11-58.075073
Set_9_bigbird_2024-12-26_01-00-41.569847_1.112e-07_0.5_2_1000_10_4_0_0,1,2024-12-26 01:47:54.383475,25000,1,4,2500,2500,1000,10,1e+06,5.32e-07,5e-07,2e-06,1.112e-07,1.112e-06,0,0.3,0.033,0,0,1,1,BLoM,FALSE,1,LoNL,TRUE,NA,NA_NA,1000_367.879441171442,0.022784527395274,0.024286982620125,0.0286183244043267,0.0542164388277813,NA,NA,0.974969345086948,-0.663846768748535,-1.87974876659757e-05,0.00238656360141999,2.54822273731011e-06,-0.824071851679262,0.0257346341815616,-0.000864434721633144,0.000134550570429438,2.201321295331e-07_3.55053863118057e-08_1.62106828202387e-08,1.2729171168377e-06,64807,47043,8769,8995,0.0105668949284028,0.00792468149142558,FALSE,biggar_2024-12-26_19-19-59.131988
Set_9_bigbird_2024-12-26_01-16-42.137096_1.16254545454545e-07_0.5_2_1000_10_4_0_0,1,2024-12-26 02:02:47.304371,25000,1,4,2500,2500,1000,10,1e+06,5.32e-07,5e-07,2e-06,1.16254545454545e-07,1.16254545454545e-06,0,0.3,0.033,0,0,1,1,BLoM,FALSE,1,LoNL,TRUE,NA,NA_NA,1000_367.879441171442,0.022165743085286,0.0174961653968024,0.0227040715500657,0.0669020043750428,NA,NA,0.98780814377005,-0.651065632428972,2.04968130410304e-05,0.00248095147789359,2.74094611636216e-06,-1.14868950989591,0.0436237843988971,-0.000175784554641221,0.000175107353910296,2.26359858293911e-07_1.94061063330563e-08_1.76018114870923e-08,1.288353858853e-07,64638,46702,8893,9043,0.0101689834849469,0.00790401595881257,FALSE,bigwig_2024-12-26_22-25-01.752138
Set_9_bigbird_2024-12-26_01-39-26.61531_1.41527272727273e-07_0.5_2_1000_10_4_0_0,1,2024-12-26 02:26:26.851066,25000,1,4,2500,2500,1000,10,1e+06,5.32e-07,5e-07,2e-06,1.41527272727273e-07,1.41527272727273e-06,0,0.3,0.033,0,0,1,1,BLoM,FALSE,1,LoNL,TRUE,NA,NA_NA,1000_367.879441171442,0.0262687785373371,0.028073201840077,0.0208672021123557,0.096540508268231,NA,NA,0.985408112296986,-0.598505403438696,-6.86424001983071e-06,0.00316874254788107,4.45624851898416e-06,-0.504676461952669,0.0461331567680501,0.000761271053022112,0.000600045376627474,3.08963472334884e-07_4.16342105958817e-08_7.30124169358711e-09,4.70663003780461e-06,65251,44776,10261,10214,0.00907162340807037,0.00797897437000649,FALSE,bigfoot_2024-12-26_22-33-33.382944
Set_9_bigbird_2024-12-26_01-43-11.587899_1.51636363636364e-07_0.5_2_1000_10_4_0_0,1,2024-12-26 02:33:34.818903,25000,1,4,2500,2500,1000,10,1e+06,5.32e-07,5e-07,2e-06,1.51636363636364e-07,1.51636363636364e-06,0,0.3,0.033,0,0,1,1,BLoM,FALSE,1,LoNL,TRUE,NA,NA_NA,1000_367.879441171442,0.030646063254431,0.0321069366375148,0.0735078362916958,0.0852304230280723,NA,NA,1.13526565422237,-0.575575618198752,-4.99506689376101e-05,0.00377181014385442,5.94413560492746e-06,-2,0.0271469418367799,0.000264468615827988,0.00103320039153316,2.53433289394366e-07_3.5896865460552e-08_6.59480348913303e-09,5.77567981961653e-10,64726,41641,11484,11601,0.0082850420232982,0.0079147767095223,FALSE,bigwig_2024-12-26_22-13-29.557987
Set_9_bigbird_2024-12-26_01-46-11.566655_1.61745454545455e-07_0.5_2_1000_10_4_0_0,1,2024-12-26 02:44:01.482452,25000,1,4,2500,2500,1000,10,1e+06,5.32e-07,5e-07,2e-06,1.61745454545455e-07,1.61745454545455e-06,0,0.3,0.033,0,0,1,1,BLoM,FALSE,1,LoNL,TRUE,NA,NA_NA,1000_367.879441171442,0.0337399705176039,0.0287949979361952,0.0342398368487105,0.163562176549248,NA,NA,1.04211068982009,-0.535390280743304,-3.38891396316911e-05,0.00403650083592943,8.21823833323594e-06,-0.853855710005774,0.038446203679067,-0.000861509739880066,0.000353412445955572,2.53596705938652e-07_3.23670488423091e-08_-8.81256281456945e-09,1.31052209036955e-06,64656,41137,11653,11866,0.0084651540460282,0.00790621702145775,FALSE,biggar_2024-12-27_00-04-16.863403
Set_9_bigbird_2024-12-26_01-51-56.596743_1.71854545454545e-07_0.5_2_1000_10_4_0_0,1,2024-12-26 02:52:10.780799,25000,1,4,2500,2500,1000,10,1e+06,5.32e-07,5e-07,2e-06,1.71854545454545e-07,1.71854545454545e-06,0,0.3,0.033,0,0,1,1,BLoM,FALSE,1,LoNL,TRUE,NA,NA_NA,1000_367.879441171442,0.0323971508803933,0.0290130884174532,0.0293270365425187,0.166929648759769,NA,NA,1.00211284912661,-0.537113796177836,-2.8202974719389e-05,0.00416820332446843,8.01996565188678e-06,-0.63942866543206,0.0259432942868114,0.000143145169826457,0.000593484959204688,3.54501910564182e-07_3.96137573414394e-08_1.00418556788492e-09,3.68175345100205e-06,64931,40985,11865,12081,0.00841933181569665,0.00793984436742565,FALSE,biggar_2024-12-27_00-10-27.402291
Set_9_bigbird_2024-12-26_02-06-11.799146_1.76909090909091e-07_0.5_2_1000_10_4_0_0,1,2024-12-26 03:03:40.868283,25000,1,4,2500,2500,1000,10,1e+06,5.32e-07,5e-07,2e-06,1.76909090909091e-07,1.76909090909091e-06,0,0.3,0.033,0,0,1,1,BLoM,FALSE,1,LoNL,TRUE,NA,NA_NA,1000_367.879441171442,0.0391889970359042,0.0303832128865132,0.0415891984428311,0.165285620192706,NA,NA,1.0749681622495,-0.498268883027658,1.96621202824382e-05,0.00469693027246384,1.17042991596272e-05,-0.55681383828278,0.0282210477721525,-0.000426623951364284,0.000949596977438054,3.95428624224408e-07_6.79900114140078e-08_-2.51849243308917e-08,7.61566070877304e-06,64645,38982,12914,12749,0.00844623721865573,0.00790487192761903,FALSE,bigfoot_2024-12-27_05-38-14.413779
Set_9_bigbird_2024-12-26_02-14-12.171936_1.97127272727273e-07_0.5_2_1000_10_4_0_0,1,2024-12-26 03:15:17.812417,25000,1,4,2500,2500,1000,10,1e+06,5.32e-07,5e-07,2e-06,1.97127272727273e-07,1.97127272727273e-06,0,0.3,0.033,0,0,1,1,BLoM,FALSE,1,LoNL,TRUE,NA,NA_NA,1000_367.879441171442,0.0392864413298186,0.0335374412179553,0.0416683392988067,0.117308915557137,NA,NA,1.05090374143275,-0.506958780067361,-0.00010149382302824,0.00516456512758914,1.14542053800578e-05,-0.887166489566184,0.0239028564225709,0.000133699068864228,0.000480812385465105,4.33911054780569e-07_6.83172416506273e-08_-5.84952328137712e-09,1.34156873965113e-06,64772,36530,14012,14230,0.0071566518673192,0.0079204016473933,FALSE,bigbird_2024-12-27_06-02-51.285825
Set_9_bigbird_2024-12-26_02-36-56.604457_2.17345454545455e-07_0.5_2_1000_10_4_0_0,1,2024-12-26 03:41:46.742033,25000,1,4,2500,2500,1000,10,1e+06,5.32e-07,5e-07,2e-06,2.17345454545455e-07,2.17345454545455e-06,0,0.3,0.033,0,0,1,1,BLoM,FALSE,1,LoNL,TRUE,NA,NA_NA,1000_367.879441171442,0.0403033984843404,0.0435724915779232,0.0299737255454387,0.196859274215488,NA,NA,1.0923747211331,-0.476615614779455,-6.37895283589131e-06,0.00574161723650617,1.49290556340089e-05,-0.292648651304077,0.048121438045759,0.000848717636433691,0.00135736717704996,5.04678045410561e-07_7.7015466003323e-08_1.39827272958626e-08,1.91861364066403e-05,65097,36288,14442,14367,0.00559584346244834,0.00796014305626446,FALSE,bigbird_2024-12-27_06-07-21.848111
Set_9_bigbird_2024-12-26_02-46-41.630248_2.27454545454545e-07_0.5_2_1000_10_4_0_0,1,2024-12-26 03:55:07.334999,25000,1,4,2500,2500,1000,10,1e+06,5.32e-07,5e-07,2e-06,2.27454545454545e-07,2.27454545454545e-06,0,0.3,0.033,0,0,1,1,BLoM,FALSE,1,LoNL,TRUE,NA,NA_NA,1000_367.879441171442,0.0416625251876231,0.0423763059546501,0.031872478224338,0.170363619439808,NA,NA,1.03322816932246,-0.487967805731655,-4.34105042297195e-06,0.00582078210569739,1.41154071474587e-05,-0.545320604360271,0.0382514139097195,0.00110970711917991,0.000956107883834624,4.5756567784431e-07_7.95806692720547e-08_1.55307497389141e-08,7.02390689154222e-06,64814,34591,14906,15317,0.00619191553522386,0.00792553746023203,FALSE,bigwig_2024-12-27_06-20-11.60412
Set_9_bigbird_2024-12-26_02-57-56.595804_2.37563636363636e-07_0.5_2_1000_10_4_0_0,1,2024-12-26 04:08:06.771491,25000,1,4,2500,2500,1000,10,1e+06,5.32e-07,5e-07,2e-06,2.37563636363636e-07,2.37563636363636e-06,0,0.3,0.033,0,0,1,1,BLoM,FALSE,1,LoNL,TRUE,NA,NA_NA,1000_367.879441171442,0.0481020466093724,0.0435542251318065,0.0510720300558553,0.283199356757866,NA,NA,0.981694834322705,-0.45984472076526,-2.09608565382638e-05,0.00637864500579266,1.81645328309277e-05,-0.500971457102307,0.0201190463639206,0.000658840010020632,0.00134062837647805,4.67261120560571e-07_9.3506435920406e-08_-6.37590204777671e-09,1.21375966805565e-05,65073,33059,15998,16016,0.00739701467198376,0.0079572083060709,FALSE,bigwig_2024-12-27_06-58-14.040706
Set_9_bigbird_2024-12-26_03-06-26.633629_2.47672727272727e-07_0.5_2_1000_10_4_0_0,1,2024-12-26 04:18:20.866921,25000,1,4,2500,2500,1000,10,1e+06,5.32e-07,5e-07,2e-06,2.47672727272727e-07,2.47672727272727e-06,0,0.3,0.033,0,0,1,1,BLoM,FALSE,1,LoNL,TRUE,NA,NA_NA,1000_367.879441171442,0.0436777501773024,0.0374518285486094,0.043577263109775,0.374466490262945,NA,NA,1.0403752822872,-0.436388126431387,-6.40159930041398e-05,0.00641238981461738,2.00500011690517e-05,-0.573397926200349,0.0226689194896685,-5.43546718926975e-05,0.000883632203741579,4.6454675862867e-07_6.25596652026269e-08_3.9550442591352e-08,8.23166614050354e-06,64850,34273,15184,15393,0.00651504472436391,0.00792993958552238,FALSE,bigfoot_2024-12-27_06-10-27.476871
Set_9_bigbird_2024-12-26_03-10-26.680798_2.57781818181818e-07_0.5_2_1000_10_4_0_0,1,2024-12-26 04:20:38.265239,25000,1,4,2500,2500,1000,10,1e+06,5.32e-07,5e-07,2e-06,2.57781818181818e-07,2.57781818181818e-06,0,0.3,0.033,0,0,1,1,BLoM,FALSE,1,LoNL,TRUE,NA,NA_NA,1000_367.879441171442,0.050327423453129,0.0454994955111117,0.0431203924490532,0.191932475307065,NA,NA,1.00651837595796,-0.438403701964552,-1.59201286498465e-05,0.00678557058024229,2.24377184511929e-05,-0.578528138498727,0.0222667362097582,-0.000258296517172284,0.000971559992638242,5.8485367972947e-07_1.08575584468478e-07_-1.54428927047414e-08,8.5178990461652e-06,65197,32176,16386,16635,0.00587331742833258,0.00797237118207097,FALSE,biggar_2024-12-27_04-57-41.438272
Set_9_bigbird_2024-12-26_03-21-11.655031_2.67890909090909e-07_0.5_2_1000_10_4_0_0,1,2024-12-26 04:37:38.550997,25000,1,4,2500,2500,1000,10,1e+06,5.32e-07,5e-07,2e-06,2.67890909090909e-07,2.67890909090909e-06,0,0.3,0.033,0,0,1,1,BLoM,FALSE,1,LoNL,TRUE,NA,NA_NA,1000_367.879441171442,0.0557033120760951,0.0535551135344237,0.0569683432261518,0.256082918269713,NA,NA,1.03252104561699,-0.42781014623981,-2.51731599102572e-05,0.00762937153018967,2.57577477391288e-05,-0.647215457158236,0.0141409974007623,0.000893688755993395,0.00111504328039257,4.62126357055569e-07_9.65587794228819e-08_-1.2416927113194e-08,7.56687525299313e-06,64790,28090,18292,18408,0.0063447140511653,0.00792260271003847,FALSE,biggar_2024-12-27_05-04-11.652633
Set_9_bigbird_2024-12-26_03-45-11.636065_2.83054545454545e-07_0.5_2_1000_10_4_0_0,1,2024-12-26 05:00:39.061181,25000,1,4,2500,2500,1000,10,1e+06,5.32e-07,5e-07,2e-06,2.83054545454545e-07,2.83054545454545e-06,0,0.3,0.033,0,0,1,1,BLoM,FALSE,1,LoNL,TRUE,NA,NA_NA,1000_367.879441171442,0.0597572629840324,0.0526274735232549,0.0627770617346255,0.248363387054639,NA,NA,1.1142899241224,-0.42333359900131,0.000124593124206303,0.00778857330734412,2.71996696628029e-05,-0.573915250253194,0.0161170023624315,-0.000877988764049236,0.00158347556733633,5.74169224324372e-07_1.45877195371637e-07_2.47056179338875e-08,1.14298162728859e-05,65236,28432,18377,18427,0.00708178992619105,0.00797714015113551,FALSE,biggar_2024-12-27_09-50-40.199071
Set_9_bigbird_2024-12-26_03-58-11.649392_2.98218181818182e-07_0.5_2_1000_10_4_0_0,1,2024-12-26 05:20:41.396822,25000,1,4,2500,2500,1000,10,1e+06,5.32e-07,5e-07,2e-06,2.98218181818182e-07,2.98218181818182e-06,0,0.3,0.033,0,0,1,1,BLoM,FALSE,1,LoNL,TRUE,NA,NA_NA,1000_367.879441171442,0.0621044817574382,0.0508268808892478,0.0562534434125548,0.237180615903638,NA,NA,1.0297480167668,-0.394931010615375,-3.80905378953067e-05,0.00873911040103854,3.63384366306382e-05,-0.681401951362705,0.0132687925065941,-0.000688893952240414,0.00134797672591823,6.87673708982216e-07_1.41229830231709e-07_-6.1571526344539e-09,6.41577727577248e-06,64794,25539,19498,19757,0.00549675116908972,0.00792309183507073,FALSE,biggar_2024-12-27_09-57-11.398398
Set_9_bigbird_2024-12-26_04-20-26.581088_3.13381818181818e-07_0.5_2_1000_10_4_0_0,1,2024-12-26 05:47:26.611539,25000,1,4,2500,2500,1000,10,1e+06,5.32e-07,5e-07,2e-06,3.13381818181818e-07,3.13381818181818e-06,0,0.3,0.033,0,0,1,1,BLoM,FALSE,1,LoNL,TRUE,NA,NA_NA,1000_367.879441171442,0.058147026566975,0.0588102327711835,0.0479516351610291,0.422862829638935,NA,NA,1.03611345085602,-0.397785600386553,-4.08839961420938e-06,0.00864272153206104,3.46992821322769e-05,-0.50981405366884,0.0247110659731175,-0.000353359673435103,0.00131300457736136,7.78934658163827e-07_8.83184648386148e-08_-1.57422250644844e-08,1.3412582009485e-05,65217,25616,19725,19876,0.00505941724550346,0.00797481680723227,FALSE,bigfoot_2024-12-27_13-27-26.02165
Set_9_bigbird_2024-12-26_04-31-57.010488_3.23490909090909e-07_0.5_2_1000_10_4_0_0,1,2024-12-26 05:57:09.357372,25000,1,4,2500,2500,1000,10,1e+06,5.32e-07,5e-07,2e-06,3.23490909090909e-07,3.23490909090909e-06,0,0.3,0.033,0,0,1,1,BLoM,FALSE,1,LoNL,TRUE,NA,NA_NA,1000_367.879441171442,0.0678852414721468,0.0562262445060442,0.0420200112829895,0.35770592008491,NA,NA,1.17217362526453,-0.376631754963323,0.000111220932222478,0.00924957156370491,4.43104094387406e-05,-0.0328470899505505,0.0910307341823043,-0.000488390587433595,0.00225776718019879,6.49451118397768e-07_1.59843332134368e-07_5.60192349406047e-09,6.22424126665914e-05,64802,25140,19967,19695,0.00564141907078485,0.00792407008513525,FALSE,bigbird_2024-12-27_13-10-28.654636
Set_9_bigbird_2024-12-26_04-39-41.625287_3.336e-07_0.5_2_1000_10_4_0_0,1,2024-12-26 06:13:54.821937,25000,1,4,2500,2500,1000,10,1e+06,5.32e-07,5e-07,2e-06,3.336e-07,3.336e-06,0,0.3,0.033,0,0,1,1,BLoM,FALSE,1,LoNL,TRUE,NA,NA_NA,1000_367.879441171442,0.0646770084290696,0.0612033522281921,0.0617686503328143,0.21685907480964,NA,NA,1.07625759393383,-0.416576665912278,-0.000183690263989153,0.00942616174193313,3.29013121808377e-05,-0.765119018140561,0.015350615970124,0.000573958724258762,0.00189055167034953,6.24012212291144e-07_1.77092107394397e-07_1.56768846499435e-08,4.10898807275373e-06,65197,22591,21299,21307,0.00556039545722962,0.00797237118207097,FALSE,bigbird_2024-12-27_13-46-00.133049
Set_9_bigbird_2024-12-26_05-02-56.607507_3.48763636363636e-07_0.5_2_1000_10_4_0_0,1,2024-12-26 06:37:28.512594,25000,1,4,2500,2500,1000,10,1e+06,5.32e-07,5e-07,2e-06,3.48763636363636e-07,3.48763636363636e-06,0,0.3,0.033,0,0,1,1,BLoM,FALSE,1,LoNL,TRUE,NA,NA_NA,1000_367.879441171442,0.0777590791252971,0.0561284894777764,0.0442418853567178,0.423031481653603,NA,NA,1.0977548289409,-0.363647154747029,0.000103920649089708,0.0101765410973578,5.01730115431928e-05,-0.579980186487429,0.0286122509031061,0.000578874849384932,0.00102520455511005,5.61137240780652e-07_1.03585788247352e-07_-3.30995816816218e-10,8.80502245273749e-06,65276,20877,22235,22164,0.00579265066410319,0.00798203140145811,FALSE,bigfoot_2024-12-27_13-52-02.499177
Set_9_bigbird_2024-12-26_05-29-27.02186_3.63927272727273e-07_0.5_2_1000_10_4_0_0,1,2024-12-26 07:07:59.848034,25000,1,4,2500,2500,1000,10,1e+06,5.32e-07,5e-07,2e-06,3.63927272727273e-07,3.63927272727273e-06,0,0.3,0.033,0,0,1,1,BLoM,FALSE,1,LoNL,TRUE,NA,NA_NA,1000_367.879441171442,0.0692426710429663,0.062989142543557,0.057936601504266,0.753718466760837,NA,NA,1.07671324519958,-0.378583640399531,-9.94175929831204e-05,0.00960827054112557,4.56469020089674e-05,-0.604998445025836,0.0254931865693158,0.00085460330998195,0.00124224432035088,8.18786824730232e-07_7.27152678800868e-08_2.87311989077524e-08,9.40414607585202e-06,64940,22575,20990,21375,0.00464051830920849,0.00794094489874824,FALSE,bigwig_2024-12-27_14-34-48.208116
Set_9_bigbird_2024-12-26_05-53-11.5777_3.79090909090909e-07_0.5_2_1000_10_4_0_0,1,2024-12-26 07:31:32.680937,25000,1,4,2500,2500,1000,10,1e+06,5.32e-07,5e-07,2e-06,3.79090909090909e-07,3.79090909090909e-06,0,0.3,0.033,0,0,1,1,BLoM,FALSE,1,LoNL,TRUE,NA,NA_NA,1000_367.879441171442,0.0797948719795769,0.0627835008722327,0.065897437332971,0.465617817548305,NA,NA,1.08596368280446,-0.356033469643708,-0.000105770973282043,0.0104792755414185,5.34448804284852e-05,-0.279855900813838,0.0194797513541185,0.00139461737911403,0.00204890846592442,6.87907905265478e-07_2.03876622877154e-07_5.92267970806952e-08,5.07089492349069e-05,64982,19899,22525,22558,0.00568843070965805,0.00794608071158697,FALSE,bigwig_2024-12-27_14-51-45.865466
Set_9_bigbird_2024-12-26_05-58-56.64661_3.892e-07_0.5_2_1000_10_4_0_0,1,2024-12-26 07:43:46.654505,25000,1,4,2500,2500,1000,10,1e+06,5.32e-07,5e-07,2e-06,3.892e-07,3.892e-06,0,0.3,0.033,0,0,1,1,BLoM,FALSE,1,LoNL,TRUE,NA,NA_NA,1000_367.879441171442,0.0802180727348498,0.0794255680147571,0.0877054869408811,0.657405319436497,NA,NA,1.24309621862352,-0.340273680755572,-3.87564256698921e-05,0.010858533375341,6.28220360330248e-05,-0.381751727951265,0.0177621482756906,-0.000244902992067899,0.00189212386182533,8.29453282571633e-07_1.99697239849756e-07_-1.47695998022956e-08,4.39392279427209e-05,64857,19436,22512,22909,0.00545161431302711,0.00793079555432883,FALSE,biggar_2024-12-27_14-38-13.609555
Set_9_bigbird_2024-12-26_06-20-56.615592_4.04363636363636e-07_0.5_2_1000_10_4_0_0,1,2024-12-26 08:09:25.419692,25000,1,4,2500,2500,1000,10,1e+06,5.32e-07,5e-07,2e-06,4.04363636363636e-07,4.04363636363636e-06,0,0.3,0.033,0,0,1,1,BLoM,FALSE,1,LoNL,TRUE,NA,NA_NA,1000_367.879441171442,0.0780157690132492,0.0821344071404262,0.0863833298674368,0.566161683266515,NA,NA,1.26683346567308,-0.357262345791109,5.00415309854676e-05,0.0115200603448453,5.80909858876279e-05,-0.515428679204565,0.0121654185307106,-0.000725708655785047,0.0022437573835544,8.58385572110773e-07_1.83512111775719e-07_-2.4437940895995e-08,2.30018052415336e-05,64954,16234,24309,24411,0.00485107004957354,0.00794265683636115,FALSE,biggar_2024-12-27_14-47-36.522644
Set_9_bigbird_2024-12-26_06-37-12.002594_4.09418181818182e-07_0.5_2_1000_10_4_0_0,1,2024-12-26 08:27:43.96751,25000,1,4,2500,2500,1000,10,1e+06,5.32e-07,5e-07,2e-06,4.09418181818182e-07,4.09418181818182e-06,0,0.3,0.033,0,0,1,1,BLoM,FALSE,1,LoNL,TRUE,NA,NA_NA,1000_367.879441171442,0.0881946216978175,0.0720060290855184,0.0688512994325019,0.408565913005825,NA,NA,1.07421926247344,-0.342863286435458,-4.55761544778387e-05,0.0115975943169459,6.32909960562175e-05,-0.584598498390808,0.0132346138012891,-0.0019385491490194,0.00257252495484726,6.42394502675166e-07_1.83147684755974e-07_-5.40485079696117e-11,1.12641039255922e-05,64885,15413,24658,24814,0.00575072863913076,0.00793421942955466,FALSE,bigbird_2024-12-27_20-47-55.290828
Set_9_bigbird_2024-12-26_06-57-27.131495_4.24581818181818e-07_0.5_2_1000_10_4_0_0,1,2024-12-26 08:47:56.31372,25000,1,4,2500,2500,1000,10,1e+06,5.32e-07,5e-07,2e-06,4.24581818181818e-07,4.24581818181818e-06,0,0.3,0.033,0,0,1,1,BLoM,FALSE,1,LoNL,TRUE,NA,NA_NA,1000_367.879441171442,0.0820945874929503,0.0775188522652001,0.0447419050872493,0.510087055758406,NA,NA,1.0678741843614,-0.332969897689703,-0.000141548801223384,0.0117409519224761,6.94085504614834e-05,-0.384356406848417,0.0228653095601027,0.000415507107038681,0.00147828332202593,6.56820078648832e-07_1.31136694742044e-07_1.04446635240192e-09,2.55065719079677e-05,65256,15992,24554,24710,0.00482298182925707,0.00797958577629681,FALSE,bigfoot_2024-12-27_21-09-15.095712
Set_9_bigbird_2024-12-26_07-09-41.65016_4.34690909090909e-07_0.5_2_1000_10_4_0_0,1,2024-12-26 09:05:30.678081,25000,1,4,2500,2500,1000,10,1e+06,5.32e-07,5e-07,2e-06,4.34690909090909e-07,4.34690909090909e-06,0,0.3,0.033,0,0,1,1,BLoM,FALSE,1,LoNL,TRUE,NA,NA_NA,1000_367.879441171442,0.0802552640894987,0.0766902557684122,0.0702620089963393,0.532889582538921,NA,NA,1.10589851809733,-0.31354542229863,3.65356017847175e-05,0.0120535405750799,7.79550885040923e-05,-0.376914383863547,0.0142292344810203,-0.000771255127065079,0.00210576654116459,1.01527032927844e-06_1.974787484117e-07_-5.48555535698215e-09,4.09697459990646e-05,64995,14494,25113,25388,0.00434197420955457,0.00794767036794182,FALSE,bigbird_2024-12-27_21-14-10.725134
Set_9_bigbird_2024-12-26_07-45-41.619033_4.54909090909091e-07_0.5_2_1000_10_4_0_0,1,2024-12-26 09:46:40.863046,25000,1,4,2500,2500,1000,10,1e+06,5.32e-07,5e-07,2e-06,4.54909090909091e-07,4.54909090909091e-06,0,0.3,0.033,0,0,1,1,BLoM,FALSE,1,LoNL,TRUE,NA,NA_NA,1000_367.879441171442,0.0948196129524262,0.0901732086300319,0.0875272611741921,0.853035921246895,NA,NA,1.14809200986625,-0.332783608049042,8.11944562429895e-05,0.0125999873607281,7.38605508064676e-05,-0.341119247961445,0.0161591040120103,0.000876945376906672,0.00196362957798526,9.24114892401361e-07_1.94045086458558e-07_-2.37837463587043e-08,5.29738601891809e-05,65131,11264,26994,26873,0.00518070051511568,0.00796430061903867,FALSE,bigfoot_2024-12-27_21-30-17.813137
Set_9_bigbird_2024-12-26_08-11-11.612246_4.65018181818182e-07_0.5_2_1000_10_4_0_0,1,2024-12-26 10:12:51.60557,25000,1,4,2500,2500,1000,10,1e+06,5.32e-07,5e-07,2e-06,4.65018181818182e-07,4.65018181818182e-06,0,0.3,0.033,0,0,1,1,BLoM,FALSE,1,LoNL,TRUE,NA,NA_NA,1000_367.879441171442,0.0883829474163061,0.0722707636710719,0.0985493557152626,0.776564477874795,NA,NA,1.04920316855256,-0.328112000446569,-9.56279819783662e-05,0.0126778003961872,7.61147928108902e-05,-0.488909201765922,0.00939891216051883,0.000724656191805098,0.00170141341288328,1.06022370400512e-06_2.03646561466111e-07_-4.9809181067232e-08,3.34661979493115e-05,64969,11934,26406,26629,0.00476454748995674,0.00794449105523213,FALSE,bigwig_2024-12-27_22-32-58.265789
Set_9_bigbird_2024-12-26_08-29-41.594386_4.75127272727273e-07_0.5_2_1000_10_4_0_0,1,2024-12-26 10:38:51.784598,25000,1,4,2500,2500,1000,10,1e+06,5.32e-07,5e-07,2e-06,4.75127272727273e-07,4.75127272727273e-06,0,0.3,0.033,0,0,1,1,BLoM,FALSE,1,LoNL,TRUE,NA,NA_NA,1000_367.879441171442,0.0863911798130519,0.0959638172187096,0.0810236945961707,0.879130527082554,NA,NA,1.19161295226067,-0.318687803903643,-0.000127554558220651,0.0131677756479097,8.3041799565774e-05,-0.320338257175752,0.0171885049977668,0.000458565082514147,0.00190317680195341,1.34459658301529e-06_2.3496791549976e-07_4.74260577952323e-08,6.31581508834701e-05,65024,10613,27169,27242,0.00424935587052472,0.00795121652442571,FALSE,biggar_2024-12-27_19-29-23.845777
Set_9_bigbird_2024-12-26_08-46-41.637046_4.85236363636364e-07_0.5_2_1000_10_4_0_0,1,2024-12-26 10:52:26.330096,25000,1,4,2500,2500,1000,10,1e+06,5.32e-07,5e-07,2e-06,4.85236363636364e-07,4.85236363636364e-06,0,0.3,0.033,0,0,1,1,BLoM,FALSE,1,LoNL,TRUE,NA,NA_NA,1000_367.879441171442,0.096578787206545,0.0735928663123668,0.0590452600041919,0.490081173553788,NA,NA,1.08824852906778,-0.296843996765611,-0.000135950198160897,0.0142033171038458,0.000101943008874063,-0.209925917579573,0.0244116605637458,0.000218846117711572,0.00269601316360928,1.0174260171874e-06_2.72891579228285e-07_-7.38033787841047e-09,7.79274690128357e-05,64994,6533,29253,29208,0.003678970968474,0.00794754808668375,FALSE,biggar_2024-12-27_19-28-31.170942
Set_9_bigbird_2024-12-26_08-54-26.639941_4.95345454545454e-07_0.5_2_1000_10_4_0_0,1,2024-12-26 11:13:37.626009,25000,1,4,2500,2500,1000,10,1e+06,5.32e-07,5e-07,2e-06,4.95345454545454e-07,4.95345454545454e-06,0,0.3,0.033,0,0,1,1,BLoM,FALSE,1,LoNL,TRUE,NA,NA_NA,1000_367.879441171442,0.0924779146248076,0.104171681466111,0.12773518956077,1.29560451536043,NA,NA,1.45654796486889,-0.314572481194529,-7.50140900139729e-05,0.0128329680120746,8.48486398977724e-05,-0.190621675071093,0.0156204112813779,-0.00114131226689071,0.00271341548796982,1.50744255562434e-06_2.5085771016177e-07_5.86771199892164e-09,0.00012013062123337,65037,11953,26729,26355,0.00469734672955394,0.00795280618078055,FALSE,bigwig_2024-12-27_22-39-34.59245
Set_9_bigbird_2024-12-26_09-31-27.103756_5.10509090909091e-07_0.5_2_1000_10_4_0_0,1,2024-12-26 11:49:00.742995,25000,1,4,2500,2500,1000,10,1e+06,5.32e-07,5e-07,2e-06,5.10509090909091e-07,5.10509090909091e-06,0,0.3,0.033,0,0,1,1,BLoM,FALSE,1,LoNL,TRUE,NA,NA_NA,1000_367.879441171442,0.0983541925892862,0.0971305868614938,0.0855908765872189,0.860329824504152,NA,NA,1.22726161796643,-0.282263965829813,-0.000115085248210577,0.0139252855163696,0.000112354637529367,-0.134269777009045,0.022570013777847,0.00025108044345109,0.00248633955411297,1.27432358245629e-06_2.72726620256591e-07_9.53930317364923e-08,0.000136494684629702,65038,8440,28358,28240,0.00419905480257695,0.00795292846203862,FALSE,biggar_2024-12-28_00-15-13.743621
Set_9_bigbird_2024-12-26_10-14-26.617698_5.30727272727273e-07_0.5_2_1000_10_4_0_0,1,2024-12-26 12:36:12.747635,25000,1,4,2500,2500,1000,10,1e+06,5.32e-07,5e-07,2e-06,5.30727272727273e-07,5.30727272727273e-06,0,0.3,0.033,0,0,1,1,BLoM,FALSE,1,LoNL,TRUE,NA,NA_NA,1000_367.879441171442,0.101245730550055,0.0946383856949181,0.086319597328107,0.585085980148936,NA,NA,1.32214426840756,-0.301407394996875,-0.000172494421595135,0.0143024646072064,9.96117222290953e-05,-0.271539458953766,0.0153608243442895,0.000146206413536558,0.00285220639453119,1.20275448767365e-06_3.1281343118584e-07_-4.02028678131059e-08,8.22986203618953e-05,65010,7854,28477,28679,0.00427896300376864,0.0079495045868128,FALSE,biggar_2024-12-28_00-15-21.299308
Set_9_bigbird_2024-12-26_10-26-12.01245_5.40836363636364e-07_0.5_2_1000_10_4_0_0,1,2024-12-26 12:44:05.884856,25000,1,4,2500,2500,1000,10,1e+06,5.32e-07,5e-07,2e-06,5.40836363636364e-07,5.40836363636364e-06,0,0.3,0.033,0,0,1,1,BLoM,FALSE,1,LoNL,TRUE,NA,NA_NA,1000_367.879441171442,0.0936657690178805,0.0826808716940505,0.0661221418727226,0.403845203465059,NA,NA,1.1005693625577,-0.292888641801683,8.19427986559116e-05,0.0149695012982741,0.000106315367163891,-0.290178206111605,0.0166655139407842,-0.000302377097729137,0.00307266499527746,1.40208274236842e-06_4.1437408830345e-07_-2.83028244971307e-08,6.69200946072734e-05,64907,4835,30067,30005,0.00357012080361131,0.00793690961723209,FALSE,bigbird_2024-12-28_04-15-26.138467
Set_9_bigbird_2024-12-26_11-08-11.562849_5.56e-07_0.5_2_1000_10_4_0_0,1,2024-12-26 13:32:59.277659,25000,1,4,2500,2500,1000,10,1e+06,5.32e-07,5e-07,2e-06,5.56e-07,5.56e-06,0,0.3,0.033,0,0,1,1,BLoM,FALSE,1,LoNL,TRUE,NA,NA_NA,1000_367.879441171442,0.11609573988304,0.0804733446948013,0.0955367317361704,0.576335458644277,NA,NA,1.22183692429224,-0.27784359135118,0.000102521449247274,0.0154819473093415,0.000121769315233282,-0.503594092782453,0.0127514627860786,-0.00205942307427558,0.00259167304853165,1.20717846883405e-06_3.12935682247371e-07_-3.09486556100642e-08,3.01957312398068e-05,64940,2220,31276,31444,0.00463290813635663,0.00794094489874824,FALSE,bigfoot_2024-12-28_04-46-03.498431
Set_9_bigfoot_2024-12-26_00-57-27.085958_8.59272727272727e-08_0.5_2_1000_10_4_0_0,1,2024-12-26 01:32:23.17973,25000,1,4,2500,2500,1000,10,1e+06,5.32e-07,5e-07,2e-06,8.59272727272727e-08,8.59272727272727e-07,0,0.3,0.033,0,0,1,1,BLoM,FALSE,1,LoNL,TRUE,NA,NA_NA,1000_367.879441171442,0.018523132946952,0.0175924722617222,0.0199105159445268,0.0434171187218923,NA,NA,1.03753082933078,-0.74477969927157,-3.45363477363874e-06,0.00166176395135935,1.25487372679704e-06,-0.98727025226182,0.0802282974599585,0.000964783686357951,0.000274950647304817,1.67190619631298e-07_1.73878271624092e-08_-1.02165781418304e-08,3.07816294259666e-07,64693,49986,7447,7260,0.0135603479298378,0.00791074142800616,FALSE,bigbird_2024-12-28_04-39-45.274004
Set_9_bigfoot_2024-12-26_00-57-27.101601_1.01090909090909e-07_0.5_2_1000_10_4_0_0,1,2024-12-26 01:41:39.722266,25000,1,4,2500,2500,1000,10,1e+06,5.32e-07,5e-07,2e-06,1.01090909090909e-07,1.01090909090909e-06,0,0.3,0.033,0,0,1,1,BLoM,FALSE,1,LoNL,TRUE,NA,NA_NA,1000_367.879441171442,0.020857176161091,0.0186532865451095,0.0333296226126422,0.0467995895108223,NA,NA,1.0298248740397,-0.663163324028076,3.79878204545625e-06,0.00211201619352855,2.30643449540273e-06,-1.04991212382625,0.028507417639156,0.000206303256013908,0.000269665798624516,1.87121869507026e-07_3.08978336771219e-08_-7.82067912392755e-09,3.7064150105939e-07,64818,48797,8047,7974,0.0112668675136536,0.00792602658526429,FALSE,bigfoot_2024-12-28_05-06-59.006869
Set_9_bigfoot_2024-12-26_02-07-11.627836_1.87018181818182e-07_0.5_2_1000_10_4_0_0,1,2024-12-26 03:05:33.384361,25000,1,4,2500,2500,1000,10,1e+06,5.32e-07,5e-07,2e-06,1.87018181818182e-07,1.87018181818182e-06,0,0.3,0.033,0,0,1,1,BLoM,FALSE,1,LoNL,TRUE,NA,NA_NA,1000_367.879441171442,0.0346444210187855,0.0394667123371551,0.030727330802011,0.163100483910256,NA,NA,1.00868631787814,-0.538390939021257,0.000117116112605257,0.00465083190474978,8.73230617591563e-06,-0.603007324929064,0.0329897901662556,-0.000101916153916789,0.000931937485738905,3.82241528390306e-07_4.79076699115237e-08_2.34810242044528e-08,4.46082182647454e-06,65001,38872,13185,12944,0.00753828160335994,0.00794840405549021,FALSE,bigwig_2024-12-28_06-45-01.615669
Set_9_bigfoot_2024-12-26_04-22-41.546935_3.18436363636364e-07_0.5_2_1000_10_4_0_0,1,2024-12-26 05:54:27.058285,25000,1,4,2500,2500,1000,10,1e+06,5.32e-07,5e-07,2e-06,3.18436363636364e-07,3.18436363636364e-06,0,0.3,0.033,0,0,1,1,BLoM,FALSE,1,LoNL,TRUE,NA,NA_NA,1000_367.879441171442,0.0631977310570385,0.0564336359557199,0.0429467055413841,0.377461212105839,NA,NA,1.07592006019517,-0.390989273206281,-0.000122385920566325,0.00884317684098326,3.83186662373945e-05,-0.477026070877603,0.0207922033669294,-0.00112452126277156,0.000910750136643316,6.55637451096675e-07_1.06772459032601e-07_2.69105479789071e-08,1.51793180409497e-05,64794,25108,19835,19851,0.00533452899188196,0.00792309183507073,FALSE,bigwig_2024-12-28_06-24-46.538521
Set_9_biggar_2024-12-26_00-57-26.583939_7.07636363636364e-08_0.5_2_1000_10_4_0_0,1,2024-12-26 01:14:27.809918,25000,1,4,2500,2500,1000,10,1e+06,5.32e-07,5e-07,2e-06,7.07636363636364e-08,7.07636363636364e-07,0,0.3,0.033,0,0,1,1,BLoM,FALSE,1,LoNL,TRUE,NA,NA_NA,1000_367.879441171442,0.0145230373704922,0.0146337587144448,0.0187530079849279,0.0309486747048804,NA,NA,0.968157031925797,-0.771317717119219,-1.38135940038747e-06,0.00130344499607661,8.54222398522603e-07,-1.01346466275052,0.0455422283527382,0.000147904543407715,0.000295098998763196,1.55151395351425e-07_1.60091496813104e-08_1.16407907444599e-08,2.59849821004257e-07,64541,52266,6142,6133,0.0131055910971321,0.00789215467678026,FALSE,biggar_2024-12-28_05-00-42.633356
Set_9_biggar_2024-12-26_00-57-26.584353_5.56e-08_0.5_2_1000_10_4_0_0,1,2024-12-26 01:13:08.189255,25000,1,4,2500,2500,1000,10,1e+06,5.32e-07,5e-07,2e-06,5.56e-08,5.56e-07,0,0.3,0.033,0,0,1,1,BLoM,FALSE,1,LoNL,TRUE,NA,NA_NA,1000_367.879441171442,0.0119079814404149,0.0121992339032681,0.00866511838597409,0.0192747227299381,NA,NA,0.973534334362348,-0.858053004612841,-1.64470943822817e-05,0.000861539208025798,4.1799809232832e-07,-0.645981340230995,0.269498844752169,0.000203459144661175,0.000275256042411787,1.12070000292151e-07_1.39389901117061e-08_1.52440206715288e-09,8.24861059327513e-07,64455,54397,5041,5017,0.0152836854316965,0.00788163848858666,FALSE,biggar_2024-12-28_04-56-30.798001
Set_9_biggar_2024-12-26_00-57-26.657989_7.58181818181818e-08_0.5_2_1000_10_4_0_0,1,2024-12-26 01:16:28.145333,25000,1,4,2500,2500,1000,10,1e+06,5.32e-07,5e-07,2e-06,7.58181818181818e-08,7.58181818181818e-07,0,0.3,0.033,0,0,1,1,BLoM,FALSE,1,LoNL,TRUE,NA,NA_NA,1000_367.879441171442,0.0157713008431583,0.0161264456767349,0.029648907214268,0.0320956164822509,NA,NA,1.02503773539887,-0.74450352564387,-1.4696872124356e-05,0.00134770517666822,1.07671408218659e-06,-1.26286029185985,0.0799499107854234,-0.000330742272755341,0.000526679653083217,1.7768784066023e-07_1.52279573008333e-08_-1.17699869498798e-09,7.32164092644844e-08,65051,52299,6321,6431,0.0127675285545188,0.00795451811839346,FALSE,bigbird_2024-12-28_11-57-20.995332
Set_9_biggar_2024-12-26_00-57-26.676051_9.60363636363636e-08_0.5_2_1000_10_4_0_0,1,2024-12-26 01:19:57.075985,25000,1,4,2500,2500,1000,10,1e+06,5.32e-07,5e-07,2e-06,9.60363636363636e-08,9.60363636363636e-07,0,0.3,0.033,0,0,1,1,BLoM,FALSE,1,LoNL,TRUE,NA,NA_NA,1000_367.879441171442,0.0205638161503675,0.0220222671940364,0.027152434826898,0.0576282672156458,NA,NA,0.982309697391159,-0.656125679949224,4.35531764666935e-06,0.002103388957338,2.34023034579652e-06,-0.80345413076286,0.0424149631763221,0.000272601099686152,0.000306596757004714,1.94414887048687e-07_2.59225874980776e-08_6.36398806789031e-09,1.32271155524071e-06,65229,49453,7999,7777,0.0116128642877401,0.00797628418232905,FALSE,bigbird_2024-12-28_12-27-50.556705
Set_9_biggar_2024-12-26_01-00-41.622038_1.06145454545455e-07_0.5_2_1000_10_4_0_0,1,2024-12-26 01:22:17.392582,25000,1,4,2500,2500,1000,10,1e+06,5.32e-07,5e-07,2e-06,1.06145454545455e-07,1.06145454545455e-06,0,0.3,0.033,0,0,1,1,BLoM,FALSE,1,LoNL,TRUE,NA,NA_NA,1000_367.879441171442,0.0201636224010454,0.0213368805516347,0.00861754446463098,0.0572055971154898,NA,NA,1.21283876311667,-0.649989595789512,3.96539591390801e-05,0.00222037842624435,2.55307991222642e-06,0.604155593477244,2.4221225406486,-8.14833085631102e-05,0.000548061398893203,2.46581637137039e-07_2.8547462783286e-08_6.51513126728896e-09,6.33804701748453e-05,65040,48897,7951,8192,0.0093293584755535,0.00795317302455475,FALSE,bigfoot_2024-12-28_12-07-50.893816
Set_9_biggar_2024-12-26_01-17-41.640369_1.21309090909091e-07_0.5_2_1000_10_4_0_0,1,2024-12-26 01:40:18.842606,25000,1,4,2500,2500,1000,10,1e+06,5.32e-07,5e-07,2e-06,1.21309090909091e-07,1.21309090909091e-06,0,0.3,0.033,0,0,1,1,BLoM,FALSE,1,LoNL,TRUE,NA,NA_NA,1000_367.879441171442,0.023254523880888,0.0236167441117468,0.0217320726852939,0.0826988024582112,NA,NA,1.03859090072946,-0.608831924424842,-3.06453800470623e-05,0.00273583565442424,3.73010709466161e-06,-0.809512173404158,0.0636900708708041,0.000603560713145951,0.000554809138840535,2.08882027366266e-07_2.1985392972333e-08_3.86043938449193e-09,9.86382246408755e-07,64759,46172,9260,9327,0.00894640860343735,0.00791881199103845,FALSE,biggar_2024-12-28_09-46-34.210423
Set_9_biggar_2024-12-26_01-23-56.590872_1.26363636363636e-07_0.5_2_1000_10_4_0_0,1,2024-12-26 01:49:57.941518,25000,1,4,2500,2500,1000,10,1e+06,5.32e-07,5e-07,2e-06,1.26363636363636e-07,1.26363636363636e-06,0,0.3,0.033,0,0,1,1,BLoM,FALSE,1,LoNL,TRUE,NA,NA_NA,1000_367.879441171442,0.0308162377476141,0.0258017883979089,0.0193966634028226,0.0995059609908593,NA,NA,1.07809025742772,-0.553846059714603,3.65690850335979e-05,0.00320415375911737,6.30528863846982e-06,-0.711789114150807,0.0427676639728639,-0.000860710393015868,0.000607038156073139,2.00136171941162e-07_3.1523230479684e-08_4.09459448157725e-09,1.39854990677264e-06,65076,45711,9649,9716,0.0106945019630893,0.00795757514984509,FALSE,biggar_2024-12-28_09-51-41.991356
Set_9_biggar_2024-12-26_01-36-26.643016_1.31418181818182e-07_0.5_2_1000_10_4_0_0,1,2024-12-26 02:04:26.546194,25000,1,4,2500,2500,1000,10,1e+06,5.32e-07,5e-07,2e-06,1.31418181818182e-07,1.31418181818182e-06,0,0.3,0.033,0,0,1,1,BLoM,FALSE,1,LoNL,TRUE,NA,NA_NA,1000_367.879441171442,0.0269814417217821,0.0255914619096971,0.0271810499145704,0.107250248705569,NA,NA,1.11553506992515,-0.62828838605928,-5.4656825322083e-05,0.00312535977033526,3.79555281992446e-06,-0.802116552801486,0.0319391671987554,-0.000770376712889627,0.000527784125965677,2.75535953523799e-07_3.1527369166077e-08_-1.830385033945e-08,1.33431750018718e-06,64979,44579,10231,10169,0.00967387271849366,0.00794571386781278,FALSE,bigfoot_2024-12-28_12-49-46.906583
Set_9_biggar_2024-12-26_01-38-11.688685_1.36472727272727e-07_0.5_2_1000_10_4_0_0,1,2024-12-26 02:05:14.071279,25000,1,4,2500,2500,1000,10,1e+06,5.32e-07,5e-07,2e-06,1.36472727272727e-07,1.36472727272727e-06,0,0.3,0.033,0,0,1,1,BLoM,FALSE,1,LoNL,TRUE,NA,NA_NA,1000_367.879441171442,0.0273813610763204,0.0246817513192399,0.0359658156797608,0.0642929533348171,NA,NA,1.00278365154159,-0.614649420443869,5.32805151172248e-05,0.00316941924756786,4.19350768782015e-06,-0.817775053415107,0.024072203625657,-3.75498874898289e-05,3.15504636528573e-05,3.1727171037873e-07_5.43834897338485e-08_-3.616270018331e-09,1.7425154785924e-06,64921,44536,10204,10181,0.00896183851334698,0.007938621554845,FALSE,bigwig_2024-12-28_14-27-41.759257
Set_9_biggar_2024-12-26_01-39-56.92755_1.46581818181818e-07_0.5_2_1000_10_4_0_0,1,2024-12-26 02:08:47.909864,25000,1,4,2500,2500,1000,10,1e+06,5.32e-07,5e-07,2e-06,1.46581818181818e-07,1.46581818181818e-06,0,0.3,0.033,0,0,1,1,BLoM,FALSE,1,LoNL,TRUE,NA,NA_NA,1000_367.879441171442,0.0295662215431765,0.030762817135009,0.033526291632728,0.26169673079469,NA,NA,1.01932213547532,-0.598627512722586,5.3855230126891e-05,0.00350169898701406,5.00022757674939e-06,-0.871031038891348,0.0357187070876333,-0.000150514079690297,0.000447392074533492,2.71218878445654e-07_1.8204993467686e-08_1.10773606422219e-08,1.05615663295778e-06,64900,42857,11059,10984,0.00934142301040061,0.00793605364842563,FALSE,bigwig_2024-12-28_14-40-37.618603
Set_9_biggar_2024-12-26_01-44-41.691182_1.56690909090909e-07_0.5_2_1000_10_4_0_0,1,2024-12-26 02:12:46.720079,25000,1,4,2500,2500,1000,10,1e+06,5.32e-07,5e-07,2e-06,1.56690909090909e-07,1.56690909090909e-06,0,0.3,0.033,0,0,1,1,BLoM,FALSE,1,LoNL,TRUE,NA,NA_NA,1000_367.879441171442,0.0310617485175296,0.0268082363808003,0.0338683748225273,0.11096898458134,NA,NA,1.10595684481344,-0.539650703260907,2.77424351265607e-05,0.00392635858596668,7.53364039400592e-06,-1.18711579212428,0.0640083324505817,-0.000341593736372783,0.000165238212000161,2.84244912031672e-07_3.01153988983535e-08_-8.97483477705567e-09,1.42993129411642e-07,64913,42540,11282,11091,0.00818611608807172,0.00793764330478048,FALSE,biggar_2024-12-28_14-47-20.517777
Set_9_biggar_2024-12-26_01-51-26.696146_1.668e-07_0.5_2_1000_10_4_0_0,1,2024-12-26 02:20:39.059398,25000,1,4,2500,2500,1000,10,1e+06,5.32e-07,5e-07,2e-06,1.668e-07,1.668e-06,0,0.3,0.033,0,0,1,1,BLoM,FALSE,1,LoNL,TRUE,NA,NA_NA,1000_367.879441171442,0.0347459881878732,0.0338759072096524,0.0354194579191262,0.137471065952117,NA,NA,0.981393538933216,-0.54223867349537,3.87674104354946e-05,0.00418674578744396,7.87599842156997e-06,-0.971777098378143,0.0460519263496545,0.00058073871835707,0.000774189410229849,2.94719097516508e-07_3.28626634383134e-08_-4.74924778657036e-10,5.93029291941111e-07,65159,40962,12128,12069,0.00882883107859236,0.0079677244942645,FALSE,biggar_2024-12-28_14-42-35.859838
Set_9_biggar_2024-12-26_02-06-27.687134_1.81963636363636e-07_0.5_2_1000_10_4_0_0,1,2024-12-26 02:35:25.935401,25000,1,4,2500,2500,1000,10,1e+06,5.32e-07,5e-07,2e-06,1.81963636363636e-07,1.81963636363636e-06,0,0.3,0.033,0,0,1,1,BLoM,FALSE,1,LoNL,TRUE,NA,NA_NA,1000_367.879441171442,0.0329425849718727,0.0336762242016148,0.0360865050845391,0.247404504458983,NA,NA,0.964773964378092,-0.542841640748946,-1.28034195705655e-05,0.00446151325131494,8.10058258763234e-06,-0.979223530212427,0.0451538358502121,0.000106166157093359,0.00077376682340505,3.36313065352813e-07_1.96627220205566e-08_4.92070222032027e-09,5.33265535538673e-07,64804,39279,12868,12657,0.00732865975094129,0.00792431464765138,FALSE,bigbird_2024-12-28_19-18-09.056469
Set_9_biggar_2024-12-26_02-10-26.587742_1.92072727272727e-07_0.5_2_1000_10_4_0_0,1,2024-12-26 02:40:54.188921,25000,1,4,2500,2500,1000,10,1e+06,5.32e-07,5e-07,2e-06,1.92072727272727e-07,1.92072727272727e-06,0,0.3,0.033,0,0,1,1,BLoM,FALSE,1,LoNL,TRUE,NA,NA_NA,1000_367.879441171442,0.0421239600478178,0.0358889714036282,0.0353808003431696,0.170144533003339,NA,NA,1.07439022742727,-0.45765914228147,-6.68124537712789e-05,0.0053755639667968,1.61121817352739e-05,-0.64315055527969,0.0334158652238591,8.11335473104176e-05,0.00118622571945723,3.81105247302082e-07_6.46827367647935e-08_-1.99691363424025e-08,4.06007411536291e-06,64983,37593,13797,13593,0.00740319886162534,0.00794620299284504,FALSE,bigfoot_2024-12-28_19-53-10.300105
Set_9_biggar_2024-12-26_02-22-11.655192_2.02181818181818e-07_0.5_2_1000_10_4_0_0,1,2024-12-26 02:56:28.450944,25000,1,4,2500,2500,1000,10,1e+06,5.32e-07,5e-07,2e-06,2.02181818181818e-07,2.02181818181818e-06,0,0.3,0.033,0,0,1,1,BLoM,FALSE,1,LoNL,TRUE,NA,NA_NA,1000_367.879441171442,0.0383661572618783,0.0342148050130667,0.0470992664063676,0.159408187554739,NA,NA,0.997314159850431,-0.509614721661567,-6.42086721098142e-06,0.00503593342720154,1.11753099004353e-05,-0.834601705513137,0.0168717324952879,-0.000229962637185425,0.00102694238906589,3.32662275399193e-07_5.5866487062092e-08_-5.26322851765882e-09,1.92341601760328e-06,64848,37333,13653,13862,0.00784968666342832,0.00792969502300625,FALSE,bigbird_2024-12-28_20-01-24.097207
Set_9_biggar_2024-12-26_02-29-26.634609_2.07236363636364e-07_0.5_2_1000_10_4_0_0,1,2024-12-26 03:03:20.322931,25000,1,4,2500,2500,1000,10,1e+06,5.32e-07,5e-07,2e-06,2.07236363636364e-07,2.07236363636364e-06,0,0.3,0.033,0,0,1,1,BLoM,FALSE,1,LoNL,TRUE,NA,NA_NA,1000_367.879441171442,0.0438742143398762,0.0428047430751398,0.0268317672460232,0.18849267013556,NA,NA,1.12765943732708,-0.50653231360453,-7.68799542321389e-06,0.00539088524877648,1.22649740313126e-05,-0.482871746044235,0.041744185274491,-0.000320195748260435,0.00110068929381155,3.53872970225321e-07_5.92766379465186e-08_2.8986676037524e-09,6.35329355745467e-06,65052,35902,14540,14610,0.00812712991722006,0.00795464039965153,FALSE,bigfoot_2024-12-28_20-46-08.235285
Set_9_biggar_2024-12-26_02-36-11.610399_2.12290909090909e-07_0.5_2_1000_10_4_0_0,1,2024-12-26 03:09:00.571859,25000,1,4,2500,2500,1000,10,1e+06,5.32e-07,5e-07,2e-06,2.12290909090909e-07,2.12290909090909e-06,0,0.3,0.033,0,0,1,1,BLoM,FALSE,1,LoNL,TRUE,NA,NA_NA,1000_367.879441171442,0.0424426260328902,0.0409494790852681,0.0412107891316168,0.17723416733685,NA,NA,1.06386581941053,-0.502534702136579,2.56181917092339e-05,0.00550868278921933,1.26891946810558e-05,-0.881332216384965,0.0213210612407896,-0.000799798038360818,0.000808425602684519,4.01305523206215e-07_4.70347994076087e-08_-8.93819610779208e-09,1.29617913051748e-06,64868,35241,14936,14691,0.00759094794621384,0.00793214064816755,FALSE,bigwig_2024-12-28_22-26-24.563249
Set_9_biggar_2024-12-26_02-42-26.652907_2.224e-07_0.5_2_1000_10_4_0_0,1,2024-12-26 03:19:47.166733,25000,1,4,2500,2500,1000,10,1e+06,5.32e-07,5e-07,2e-06,2.224e-07,2.224e-06,0,0.3,0.033,0,0,1,1,BLoM,FALSE,1,LoNL,TRUE,NA,NA_NA,1000_367.879441171442,0.0450626641796727,0.0404319271261071,0.0364413882469882,0.236262787775364,NA,NA,1.25644300642849,-0.489426564440852,6.20420519681929e-05,0.00574287097893964,1.44160402654772e-05,-0.265595993161186,0.0573994998453114,0.000189112938473247,0.00102838474576972,5.5240221320142e-07_7.86350368678299e-08_-6.8794584172222e-09,2.52086005315798e-05,64918,34799,15118,15001,0.00723354295803937,0.00793825471107081,FALSE,bigwig_2024-12-28_22-24-18.759571
Set_9_biggar_2024-12-26_02-54-56.631091_2.32509090909091e-07_0.5_2_1000_10_4_0_0,1,2024-12-26 03:34:14.388164,25000,1,4,2500,2500,1000,10,1e+06,5.32e-07,5e-07,2e-06,2.32509090909091e-07,2.32509090909091e-06,0,0.3,0.033,0,0,1,1,BLoM,FALSE,1,LoNL,TRUE,NA,NA_NA,1000_367.879441171442,0.0482381890959794,0.0510997869956938,0.0509166420297493,0.203384300730791,NA,NA,1.11281077206873,-0.459530402896416,0.000110586742456941,0.00624204814137308,1.81040566605091e-05,-0.675427681707997,0.0162655860560119,0.000326705823289032,0.00155879662193909,4.97095880287759e-07_8.82071079210428e-08_-3.7120447183769e-09,4.84944306832716e-06,64799,33421,15620,15758,0.00796591503726909,0.00792370324136106,FALSE,biggar_2024-12-28_19-27-50.68592
Set_9_biggar_2024-12-26_03-04-56.662356_2.42618181818182e-07_0.5_2_1000_10_4_0_0,1,2024-12-26 03:43:45.203914,25000,1,4,2500,2500,1000,10,1e+06,5.32e-07,5e-07,2e-06,2.42618181818182e-07,2.42618181818182e-06,0,0.3,0.033,0,0,1,1,BLoM,FALSE,1,LoNL,TRUE,NA,NA_NA,1000_367.879441171442,0.0484893960686149,0.0493327692248365,0.0352510847210454,0.216713797959905,NA,NA,1.10001454101221,-0.457949592898285,-1.06685592107155e-05,0.00631979728813422,1.80550627713183e-05,-0.486858537913505,0.0288456555806643,0.000280937853008213,0.00127271016853814,3.81097994739499e-07_7.89165205421815e-08_-1.02251227584087e-08,8.86718926210803e-06,65092,33352,15794,15946,0.00760396610758618,0.00795953164997413,FALSE,biggar_2024-12-28_19-40-22.048528
Set_9_biggar_2024-12-26_03-07-56.662846_2.52727272727273e-07_0.5_2_1000_10_4_0_0,1,2024-12-26 03:48:45.895346,25000,1,4,2500,2500,1000,10,1e+06,5.32e-07,5e-07,2e-06,2.52727272727273e-07,2.52727272727273e-06,0,0.3,0.033,0,0,1,1,BLoM,FALSE,1,LoNL,TRUE,NA,NA_NA,1000_367.879441171442,0.0480646457521465,0.0491951915546025,0.0421150270390254,0.302193693014698,NA,NA,1.07343387757754,-0.42981015604476,-6.05650298515926e-05,0.00699137977613553,2.34329634319923e-05,-0.650749987600872,0.0188947893452353,0.000793489326881022,0.0011607587357828,5.24345012324004e-07_7.44276014575349e-08_-2.35895468014012e-09,5.05416618945357e-06,65031,32335,16326,16370,0.00612396532230782,0.00795207249323216,FALSE,bigbird_2024-12-29_03-02-55.282148
Set_9_biggar_2024-12-26_03-17-41.766864_2.62836363636364e-07_0.5_2_1000_10_4_0_0,1,2024-12-26 03:56:48.181336,25000,1,4,2500,2500,1000,10,1e+06,5.32e-07,5e-07,2e-06,2.62836363636364e-07,2.62836363636364e-06,0,0.3,0.033,0,0,1,1,BLoM,FALSE,1,LoNL,TRUE,NA,NA_NA,1000_367.879441171442,0.0522764218396262,0.0470813075361346,0.0594462368617841,0.220877739253426,NA,NA,1.13124286672836,-0.419286451665018,6.79100083307729e-05,0.0073839541072882,2.62775574367297e-05,-0.614805212732037,0.0136385505012012,0.000889802401183811,0.00119025947127843,7.01821576884957e-07_1.32689354709831e-07_1.11285870177361e-08,9.5919740762147e-06,64916,30367,17207,17342,0.0063451214434808,0.00793801014855467,FALSE,biggar_2024-12-29_00-19-08.762044
Set_9_biggar_2024-12-26_03-35-41.657482_2.72945454545455e-07_0.5_2_1000_10_4_0_0,1,2024-12-26 04:19:22.020939,25000,1,4,2500,2500,1000,10,1e+06,5.32e-07,5e-07,2e-06,2.72945454545455e-07,2.72945454545455e-06,0,0.3,0.033,0,0,1,1,BLoM,FALSE,1,LoNL,TRUE,NA,NA_NA,1000_367.879441171442,0.053050977486471,0.0568724164793351,0.0547747243754124,0.329018446854883,NA,NA,1.00795402097983,-0.395503906424589,-4.88131359382791e-05,0.00784014811875585,3.25548449052542e-05,-0.502090923486074,0.0156093215636082,-8.5288230156311e-05,0.00135179781865924,7.39942593466497e-07_1.07116382584938e-07_4.13993619562044e-08,1.58145761561166e-05,65184,29994,17634,17556,0.00547349840451644,0.00797078152571612,FALSE,biggar_2024-12-29_00-34-56.343774
Set_9_biggar_2024-12-26_03-43-41.799191_2.78e-07_0.5_2_1000_10_4_0_0,1,2024-12-26 04:30:41.099838,25000,1,4,2500,2500,1000,10,1e+06,5.32e-07,5e-07,2e-06,2.78e-07,2.78e-06,0,0.3,0.033,0,0,1,1,BLoM,FALSE,1,LoNL,TRUE,NA,NA_NA,1000_367.879441171442,0.0589019663462225,0.0492269746105163,0.0474282027896259,0.209966876104864,NA,NA,1.03418913471193,-0.446150813341801,-3.80191198791261e-08,0.00790565828261291,2.40360603510604e-05,-0.843179757769191,0.0223024644936477,0.000791011660305091,0.0012493695152212,3.88063020660853e-07_9.06406817702964e-08_-1.89754226139183e-09,1.89503229069994e-06,64987,27042,19131,18814,0.00687680579192761,0.0079466921178773,FALSE,bigfoot_2024-12-29_03-31-40.629512
Set_9_biggar_2024-12-26_03-49-56.660731_2.88109090909091e-07_0.5_2_1000_10_4_0_0,1,2024-12-26 04:36:01.442103,25000,1,4,2500,2500,1000,10,1e+06,5.32e-07,5e-07,2e-06,2.88109090909091e-07,2.88109090909091e-06,0,0.3,0.033,0,0,1,1,BLoM,FALSE,1,LoNL,TRUE,NA,NA_NA,1000_367.879441171442,0.0562046522207574,0.0545523268237402,0.0438473041920127,0.180816053590239,NA,NA,1.16893638578516,-0.416360634004312,-9.00000555505187e-06,0.00789754959309504,2.96141519829998e-05,-0.242947369252701,0.0295675342811127,-0.000210858592888044,0.00177216198572303,7.57887812590023e-07_1.71935688994e-07_-1.87043582615347e-08,4.32680201355765e-05,65073,28879,17955,18239,0.00535266245985277,0.0079572083060709,FALSE,bigbird_2024-12-29_03-36-43.465286
Set_9_biggar_2024-12-26_03-57-11.618519_2.93163636363636e-07_0.5_2_1000_10_4_0_0,1,2024-12-26 04:43:46.755858,25000,1,4,2500,2500,1000,10,1e+06,5.32e-07,5e-07,2e-06,2.93163636363636e-07,2.93163636363636e-06,0,0.3,0.033,0,0,1,1,BLoM,FALSE,1,LoNL,TRUE,NA,NA_NA,1000_367.879441171442,0.057621535918073,0.0550124456887328,0.0351428071936779,0.377462441788271,NA,NA,1.10865099339814,-0.374123000148252,-7.0151126219256e-05,0.00836380736840804,4.02157627792348e-05,-0.747962573014258,0.0535646823005357,-0.000179054084553611,0.00119289233220868,6.04250563465203e-07_5.65274380218963e-08_-3.71380797914901e-09,2.37299721796603e-06,65300,27285,18909,19106,0.00468079853560489,0.00798496615165168,FALSE,bigfoot_2024-12-29_04-25-56.097423
Set_9_biggar_2024-12-26_04-10-26.623504_3.03272727272727e-07_0.5_2_1000_10_4_0_0,1,2024-12-26 04:57:34.645875,25000,1,4,2500,2500,1000,10,1e+06,5.32e-07,5e-07,2e-06,3.03272727272727e-07,3.03272727272727e-06,0,0.3,0.033,0,0,1,1,BLoM,FALSE,1,LoNL,TRUE,NA,NA_NA,1000_367.879441171442,0.0669381455931661,0.0585971448506277,0.0642127772352859,0.43027626752751,NA,NA,1.05186259185826,-0.379610379260303,0.000167870516683398,0.00865647985531997,4.02969544621846e-05,-0.477751273950266,0.0125231970654593,-0.000297780867777366,0.00142704109378084,5.09843467032625e-07_1.19696955560649e-07_-1.4442170666609e-09,1.96322705890539e-05,65309,25873,19805,19631,0.00611850203647276,0.00798606668297426,FALSE,bigwig_2024-12-29_06-30-14.833651
Set_9_biggar_2024-12-26_04-20-26.653908_3.08327272727273e-07_0.5_2_1000_10_4_0_0,1,2024-12-26 05:07:47.032975,25000,1,4,2500,2500,1000,10,1e+06,5.32e-07,5e-07,2e-06,3.08327272727273e-07,3.08327272727273e-06,0,0.3,0.033,0,0,1,1,BLoM,FALSE,1,LoNL,TRUE,NA,NA_NA,1000_367.879441171442,0.061126942887212,0.0533285124381995,0.049170671158089,0.276453850121593,NA,NA,1.05835029691629,-0.402321888170493,6.74419780554418e-05,0.00881433673483914,3.43269456000847e-05,-0.343187235598414,0.014937882285563,-4.54644817460882e-05,0.001339128237022,7.11653086836828e-07_1.65988425330862e-07_5.37154176356839e-08,3.24157603506427e-05,64856,25316,19799,19741,0.00556363867452509,0.00793067327307077,FALSE,bigwig_2024-12-29_06-22-03.783085
Set_9_biggar_2024-12-26_04-37-11.628523_3.28545454545454e-07_0.5_2_1000_10_4_0_0,1,2024-12-26 05:28:17.120978,25000,1,4,2500,2500,1000,10,1e+06,5.32e-07,5e-07,2e-06,3.28545454545454e-07,3.28545454545454e-06,0,0.3,0.033,0,0,1,1,BLoM,FALSE,1,LoNL,TRUE,NA,NA_NA,1000_367.879441171442,0.0697892342259672,0.0600451936367847,0.0654318635554055,0.465512679775539,NA,NA,1.06854457405549,-0.396881716648061,-1.50153824335005e-05,0.0092875669314476,3.78281795098583e-05,-0.668362510841663,0.0129499894073681,-7.09331801288225e-05,0.0010974384841747,5.7602368567406e-07_9.78166201875672e-08_-7.62688840397951e-09,7.79088921720328e-06,65175,22857,21225,21093,0.00595378111814345,0.00796968099439354,FALSE,biggar_2024-12-29_05-13-15.075231
Set_9_biggar_2024-12-26_04-44-56.580339_3.38654545454545e-07_0.5_2_1000_10_4_0_0,1,2024-12-26 05:36:50.34342,25000,1,4,2500,2500,1000,10,1e+06,5.32e-07,5e-07,2e-06,3.38654545454545e-07,3.38654545454545e-06,0,0.3,0.033,0,0,1,1,BLoM,FALSE,1,LoNL,TRUE,NA,NA_NA,1000_367.879441171442,0.0679618418739912,0.0552727496748538,0.0677435243961178,0.470517149603246,NA,NA,1.11334691076812,-0.378506253744409,-1.72271019504903e-05,0.00932168212841375,4.24614841461972e-05,-0.569452190689449,0.0128474460123018,-0.00063397603359538,0.00136369312527054,7.42970217983988e-07_1.06940827492269e-07_-1.43745199484983e-09,1.37637223775062e-05,65077,23687,20638,20752,0.00556487814627287,0.00795769743110316,FALSE,biggar_2024-12-29_05-29-46.037513
Set_9_biggar_2024-12-26_04-58-56.588263_3.43709090909091e-07_0.5_2_1000_10_4_0_0,1,2024-12-26 05:51:59.333533,25000,1,4,2500,2500,1000,10,1e+06,5.32e-07,5e-07,2e-06,3.43709090909091e-07,3.43709090909091e-06,0,0.3,0.033,0,0,1,1,BLoM,FALSE,1,LoNL,TRUE,NA,NA_NA,1000_367.879441171442,0.0720983743851234,0.0602925339141381,0.0507708403415061,0.372141537945394,NA,NA,1.05915720050592,-0.362120943814604,2.22581973597406e-05,0.00980964849089243,4.81821942419802e-05,-0.0335861448640523,0.0942780174692446,0.000300057985083587,0.00245039583189373,6.21342431465396e-07_1.55704293586591e-07_-1.0058644369701e-08,7.99914648460541e-05,65073,22084,21366,21623,0.00557284520653727,0.0079572083060709,FALSE,bigbird_2024-12-29_10-14-09.77002
Set_9_biggar_2024-12-26_05-08-56.640761_3.53818181818182e-07_0.5_2_1000_10_4_0_0,1,2024-12-26 06:03:33.18158,25000,1,4,2500,2500,1000,10,1e+06,5.32e-07,5e-07,2e-06,3.53818181818182e-07,3.53818181818182e-06,0,0.3,0.033,0,0,1,1,BLoM,FALSE,1,LoNL,TRUE,NA,NA_NA,1000_367.879441171442,0.0677664087969086,0.0600688618451955,0.064200272659725,0.276060234968618,NA,NA,1.00243884643846,-0.395785261333743,-5.08499556437539e-05,0.00961078289888024,3.82337868080282e-05,-0.558375843712851,0.0128740658848089,-0.00116207389576893,0.00184151272435354,7.26645352731732e-07_1.64894772107607e-07_-3.85848915045765e-09,1.39444333280603e-05,64863,21350,21807,21706,0.00555346769344618,0.00793152924187722,FALSE,bigfoot_2024-12-29_11-07-53.667016
Set_9_biggar_2024-12-26_05-22-41.62014_3.58872727272727e-07_0.5_2_1000_10_4_0_0,1,2024-12-26 06:19:54.436555,25000,1,4,2500,2500,1000,10,1e+06,5.32e-07,5e-07,2e-06,3.58872727272727e-07,3.58872727272727e-06,0,0.3,0.033,0,0,1,1,BLoM,FALSE,1,LoNL,TRUE,NA,NA_NA,1000_367.879441171442,0.0667718851141779,0.0672901151867226,0.0781063196132093,0.511759723103624,NA,NA,1.03209572683265,-0.344311433269281,-4.9081792503338e-05,0.00990703444362361,5.42008541859639e-05,-0.542692237415791,0.0126018644553668,0.000183063559998413,0.00198052107325714,7.6544973519896e-07_1.36185158751579e-07_-2.55062348303077e-08,1.74398408784461e-05,65117,22943,21015,21159,0.00476465809427645,0.00796258868142576,FALSE,bigbird_2024-12-29_11-16-03.506902
Set_9_biggar_2024-12-26_05-37-56.623924_3.68981818181818e-07_0.5_2_1000_10_4_0_0,1,2024-12-26 06:35:59.414974,25000,1,4,2500,2500,1000,10,1e+06,5.32e-07,5e-07,2e-06,3.68981818181818e-07,3.68981818181818e-06,0,0.3,0.033,0,0,1,1,BLoM,FALSE,1,LoNL,TRUE,NA,NA_NA,1000_367.879441171442,0.0762407994549377,0.0643421506766766,0.0485497775114381,0.46775369615,NA,NA,1.25434027641056,-0.35798877710907,1.95311703306769e-05,0.0104979808645573,5.39066145985542e-05,-0.453421092460413,0.0235821957243744,-0.00178956648653954,0.00110231525728539,7.33782538024473e-07_1.41015766835546e-07_-1.21977118509305e-08,1.92458038131603e-05,65128,18852,23161,23115,0.00515285999109445,0.00796393377526448,FALSE,bigfoot_2024-12-29_11-56-12.212713
Set_9_biggar_2024-12-26_05-49-11.655082_3.74036363636364e-07_0.5_2_1000_10_4_0_0,1,2024-12-26 06:49:22.793698,25000,1,4,2500,2500,1000,10,1e+06,5.32e-07,5e-07,2e-06,3.74036363636364e-07,3.74036363636364e-06,0,0.3,0.033,0,0,1,1,BLoM,FALSE,1,LoNL,TRUE,NA,NA_NA,1000_367.879441171442,0.06942372503336,0.0651072208811631,0.0633734273514209,0.439613579990488,NA,NA,1.09247688932903,-0.367223793247509,5.98757762624158e-05,0.0102538949273744,4.89187436360343e-05,-0.193720274134246,0.0265248811435179,0.00059705646652943,0.00224239318657195,8.79302521705645e-07_1.99063651413137e-07_-2.58497474485554e-08,6.84437419665111e-05,65041,21217,21849,21975,0.00503596355952398,0.00795329530581281,FALSE,biggar_2024-12-29_09-59-35.197528
Set_9_biggar_2024-12-26_05-56-26.669686_3.84145454545454e-07_0.5_2_1000_10_4_0_0,1,2024-12-26 06:56:19.592242,25000,1,4,2500,2500,1000,10,1e+06,5.32e-07,5e-07,2e-06,3.84145454545454e-07,3.84145454545454e-06,0,0.3,0.033,0,0,1,1,BLoM,FALSE,1,LoNL,TRUE,NA,NA_NA,1000_367.879441171442,0.0756240156199334,0.0730739449999638,0.0781326094654375,0.831681376693947,NA,NA,1.05132206326992,-0.357463120808152,-0.000116740426393606,0.0102749515100014,5.0924431657525e-05,-0.414509992120968,0.0165221240701623,-0.00101067441056609,0.00173677057345753,6.4933876605381e-07_1.14847714943715e-07_-6.99849749725355e-09,2.86058733085131e-05,64989,19208,22946,22835,0.00577823844612164,0.00794693668039343,FALSE,biggar_2024-12-29_10-22-09.567691
Set_9_biggar_2024-12-26_06-04-41.646399_3.94254545454545e-07_0.5_2_1000_10_4_0_0,1,2024-12-26 07:07:55.023403,25000,1,4,2500,2500,1000,10,1e+06,5.32e-07,5e-07,2e-06,3.94254545454545e-07,3.94254545454545e-06,0,0.3,0.033,0,0,1,1,BLoM,FALSE,1,LoNL,TRUE,NA,NA_NA,1000_367.879441171442,0.0824907600780258,0.067996924255654,0.0682149449057092,0.728883503873634,NA,NA,1.26597233107741,-0.330410228338672,-0.000102237555442496,0.0112304771319754,6.89921178618064e-05,-0.400484180035631,0.030679252256898,-0.00049533721250419,0.00169901617141314,9.16423925357191e-07_1.42231810970912e-07_1.63773009818557e-08,3.13076201010097e-05,64888,17179,23741,23968,0.005199349914468,0.00793458627332885,FALSE,bigwig_2024-12-29_14-21-24.38469
Set_9_biggar_2024-12-26_06-15-41.641936_3.99309090909091e-07_0.5_2_1000_10_4_0_0,1,2024-12-26 07:19:56.340328,25000,1,4,2500,2500,1000,10,1e+06,5.32e-07,5e-07,2e-06,3.99309090909091e-07,3.99309090909091e-06,0,0.3,0.033,0,0,1,1,BLoM,FALSE,1,LoNL,TRUE,NA,NA_NA,1000_367.879441171442,0.084521291668747,0.0786262157057497,0.0577977919351191,0.350136905094908,NA,NA,1.12536189025284,-0.344473914376317,3.8125270995104e-05,0.011323158354928,6.1828290685481e-05,-0.409093926038041,0.0190224238056568,0.000894250376883026,0.00201883590144579,8.00043268642779e-07_1.87710353524779e-07_-7.17327947420545e-09,2.66826426974052e-05,64928,16335,24243,24350,0.00559751620448804,0.00793947752365146,FALSE,bigwig_2024-12-29_14-34-28.880178
Set_9_biggar_2024-12-26_06-39-26.658392_4.14472727272727e-07_0.5_2_1000_10_4_0_0,1,2024-12-26 07:44:40.683908,25000,1,4,2500,2500,1000,10,1e+06,5.32e-07,5e-07,2e-06,4.14472727272727e-07,4.14472727272727e-06,0,0.3,0.033,0,0,1,1,BLoM,FALSE,1,LoNL,TRUE,NA,NA_NA,1000_367.879441171442,0.0763946767394818,0.0845919042655582,0.0700677131245814,0.636389708490864,NA,NA,1.1075723347005,-0.322790272715645,0.000110265528414866,0.0114711784494837,7.02176841498674e-05,-0.35613215119601,0.0132261545514006,-0.000927571031096204,0.00208343734364248,8.89852469350773e-07_1.81775595872114e-07_-1.27175896545658e-08,3.94167528621268e-05,65174,16229,24637,24308,0.00468206768611715,0.00796955871313547,FALSE,biggar_2024-12-29_14-48-46.982676
Set_9_biggar_2024-12-26_06-50-26.662717_4.19527272727273e-07_0.5_2_1000_10_4_0_0,1,2024-12-26 07:54:21.440848,25000,1,4,2500,2500,1000,10,1e+06,5.32e-07,5e-07,2e-06,4.19527272727273e-07,4.19527272727273e-06,0,0.3,0.033,0,0,1,1,BLoM,FALSE,1,LoNL,TRUE,NA,NA_NA,1000_367.879441171442,0.0874602941893077,0.0689229322713402,0.0640379692988869,0.513393403552494,NA,NA,1.19659260268647,-0.343751560076191,-7.39694786965258e-05,0.0121936911443052,6.52532852699171e-05,-0.551663948985237,0.0144400596952715,0.00151826720705952,0.00179984881605122,7.71244784461637e-07_1.86438541960598e-07_3.63916267546669e-08,1.48177818574286e-05,64913,12937,25920,26056,0.00512645195299862,0.00793764330478048,FALSE,bigbird_2024-12-29_17-57-07.371512
Set_9_biggar_2024-12-26_07-08-56.685046_4.29636363636364e-07_0.5_2_1000_10_4_0_0,1,2024-12-26 08:15:36.11938,25000,1,4,2500,2500,1000,10,1e+06,5.32e-07,5e-07,2e-06,4.29636363636364e-07,4.29636363636364e-06,0,0.3,0.033,0,0,1,1,BLoM,FALSE,1,LoNL,TRUE,NA,NA_NA,1000_367.879441171442,0.0891022400623697,0.0694550958666686,0.0797570256637485,0.366756159362532,NA,NA,1.2587741012865,-0.324835021319237,3.67394106953672e-05,0.0127820455709841,7.8069412796851e-05,-0.424580418539716,0.0155358457204394,-0.000933978670603397,0.00247527900887508,1.05574917060052e-06_2.91495679883028e-07_8.6017103518026e-09,3.81026445723581e-05,64886,11609,26512,26765,0.0044190626907191,0.00793434171081272,FALSE,biggar_2024-12-29_15-14-00.900332
Set_9_biggar_2024-12-26_07-21-11.650597_4.39745454545454e-07_0.5_2_1000_10_4_0_0,1,2024-12-26 08:30:43.815722,25000,1,4,2500,2500,1000,10,1e+06,5.32e-07,5e-07,2e-06,4.39745454545454e-07,4.39745454545454e-06,0,0.3,0.033,0,0,1,1,BLoM,FALSE,1,LoNL,TRUE,NA,NA_NA,1000_367.879441171442,0.0835109261459273,0.0740250486516096,0.0704891387046441,0.398436229107903,NA,NA,1.14701624333836,-0.324020964515616,-7.39241725235546e-05,0.0123955492812515,7.55394105332929e-05,-0.209571943367945,0.0174513303538723,0.000716564492792485,0.00306039931675064,1.16832571588209e-06_2.92640965695613e-07_4.57983842005708e-08,8.189378837151e-05,64893,14103,25464,25326,0.00439284327469834,0.00793519767961918,FALSE,bigfoot_2024-12-29_18-34-05.687318
Set_9_biggar_2024-12-26_07-33-26.631908_4.448e-07_0.5_2_1000_10_4_0_0,1,2024-12-26 08:45:27.981515,25000,1,4,2500,2500,1000,10,1e+06,5.32e-07,5e-07,2e-06,4.448e-07,4.448e-06,0,0.3,0.033,0,0,1,1,BLoM,FALSE,1,LoNL,TRUE,NA,NA_NA,1000_367.879441171442,0.0898196899868123,0.0887228348342409,0.0833123688426908,0.560761817957884,NA,NA,1.13384441611418,-0.33513048900369,-0.000136587075856271,0.0120899317592232,6.9766971431855e-05,-0.355784335750849,0.0138588898320537,-0.000823590704998152,0.00226795158503511,1.0120431425224e-06_1.99379387402773e-07_1.01400766808996e-08,4.66133891557246e-05,65138,15214,24774,25150,0.00574084419808713,0.00796515658784513,FALSE,bigbird_2024-12-29_18-56-40.136326
Set_9_biggar_2024-12-26_07-45-41.667185_4.49854545454545e-07_0.5_2_1000_10_4_0_0,1,2024-12-26 08:53:19.446856,25000,1,4,2500,2500,1000,10,1e+06,5.32e-07,5e-07,2e-06,4.49854545454545e-07,4.49854545454545e-06,0,0.3,0.033,0,0,1,1,BLoM,FALSE,1,LoNL,TRUE,NA,NA_NA,1000_367.879441171442,0.0916797126885417,0.0840665516430311,0.0982440358995871,0.471553755999764,NA,NA,1.08160744579892,-0.32235912993049,3.26036162179552e-05,0.0124900597757096,7.79639053149933e-05,-0.359254287789354,0.0141043911556435,-0.0021405247734059,0.00275778436694199,1.23574520159561e-06_3.00860686168709e-07_-5.09583515844128e-08,5.92939609182405e-05,65134,13372,25867,25895,0.00479467307780882,0.00796466746281287,FALSE,bigfoot_2024-12-29_19-29-12.159027
Set_9_biggar_2024-12-26_07-55-26.6559_4.59963636363636e-07_0.5_2_1000_10_4_0_0,1,2024-12-26 09:04:07.364201,25000,1,4,2500,2500,1000,10,1e+06,5.32e-07,5e-07,2e-06,4.59963636363636e-07,4.59963636363636e-06,0,0.3,0.033,0,0,1,1,BLoM,FALSE,1,LoNL,TRUE,NA,NA_NA,1000_367.879441171442,0.0727404475892521,0.0723170840843968,0.0628101954864226,0.975252941878059,NA,NA,1.11522604693237,-0.317523383619791,-2.80382607696555e-05,0.0125868222919437,8.05811660268629e-05,-0.436867901881252,0.0180140459622088,0.00143895394632681,0.00159061076507996,1.12977280182409e-06_1.44761680019065e-07_-7.92456587599996e-09,2.88525661085307e-05,65148,13542,25801,25805,0.00347659707703996,0.00796637940042578,FALSE,bigwig_2024-12-29_22-33-59.403646
Set_9_biggar_2024-12-26_08-16-41.652322_4.70072727272727e-07_0.5_2_1000_10_4_0_0,1,2024-12-26 09:30:21.086415,25000,1,4,2500,2500,1000,10,1e+06,5.32e-07,5e-07,2e-06,4.70072727272727e-07,4.70072727272727e-06,0,0.3,0.033,0,0,1,1,BLoM,FALSE,1,LoNL,TRUE,NA,NA_NA,1000_367.879441171442,0.0920945404757459,0.0736052439522372,0.0809928958615504,0.860386772245877,NA,NA,1.14648406256442,-0.308783629799147,0.000163524086155523,0.0131619659628306,8.7503592690978e-05,-0.487644554846746,0.0170703870563525,-0.000634961779010181,0.00260034699758203,8.95995310695884e-07_1.61699426571312e-07_-3.83492756691748e-08,2.09489118855281e-05,64976,10593,27248,27135,0.00448292657481223,0.00794534702403858,FALSE,bigwig_2024-12-29_22-31-33.657748
Set_9_biggar_2024-12-26_08-31-41.680505_4.80181818181818e-07_0.5_2_1000_10_4_0_0,1,2024-12-26 09:45:40.992766,25000,1,4,2500,2500,1000,10,1e+06,5.32e-07,5e-07,2e-06,4.80181818181818e-07,4.80181818181818e-06,0,0.3,0.033,0,0,1,1,BLoM,FALSE,1,LoNL,TRUE,NA,NA_NA,1000_367.879441171442,0.0948814144153713,0.0817525015314679,0.0857004783030898,0.486730421530243,NA,NA,1.21083534586791,-0.348472047470925,-7.34822619760351e-05,0.0133558042560161,6.80624876160128e-05,-0.416608844965966,0.0143537679277057,0.00076939375071587,0.00326015637168304,1.06794702371967e-06_2.40049189079367e-07_-2.16241941825252e-08,3.45724008355262e-05,64895,9382,27568,27945,0.00505225739656367,0.00793544224213531,FALSE,biggar_2024-12-29_19-35-00.965068
Set_9_biggar_2024-12-26_08-49-41.661747_4.90290909090909e-07_0.5_2_1000_10_4_0_0,1,2024-12-26 10:03:15.131628,25000,1,4,2500,2500,1000,10,1e+06,5.32e-07,5e-07,2e-06,4.90290909090909e-07,4.90290909090909e-06,0,0.3,0.033,0,0,1,1,BLoM,FALSE,1,LoNL,TRUE,NA,NA_NA,1000_367.879441171442,0.0900799270882299,0.0779815739551651,0.0767959672088812,0.394626624151774,NA,NA,1.18326498610734,-0.32309994082972,-0.000194026584023689,0.0134608583548136,8.03473714786194e-05,-0.241801804596986,0.0164379365604843,0.00080222259157243,0.00323340969941438,1.19587751820091e-06_3.47585618749126e-07_3.09313280468952e-08,8.38810893315756e-05,65021,9419,27787,27815,0.00426705660671167,0.00795084968065151,FALSE,biggar_2024-12-29_20-05-52.378756
Set_9_biggar_2024-12-26_09-04-56.642274_5.004e-07_0.5_2_1000_10_4_0_0,1,2024-12-26 10:20:11.121328,25000,1,4,2500,2500,1000,10,1e+06,5.32e-07,5e-07,2e-06,5.004e-07,5.004e-06,0,0.3,0.033,0,0,1,1,BLoM,FALSE,1,LoNL,TRUE,NA,NA_NA,1000_367.879441171442,0.111061729927533,0.0949645785826598,0.104674176676186,0.724376527004825,NA,NA,1.20320052764638,-0.295138645066797,6.18084062030453e-05,0.0139641142054727,0.000101297812571584,-0.457053318788222,0.0131805188642008,-0.000823969663390898,0.00280701105017809,1.12650298304896e-06_2.54806488303525e-07_2.20597400469733e-08,3.5934988602471e-05,65027,7898,28321,28808,0.0050649260211143,0.0079515833681999,FALSE,bigbird_2024-12-30_01-30-00.723113
Set_9_biggar_2024-12-26_09-07-11.629438_5.05454545454545e-07_0.5_2_1000_10_4_0_0,1,2024-12-26 10:25:05.141502,25000,1,4,2500,2500,1000,10,1e+06,5.32e-07,5e-07,2e-06,5.05454545454545e-07,5.05454545454545e-06,0,0.3,0.033,0,0,1,1,BLoM,FALSE,1,LoNL,TRUE,NA,NA_NA,1000_367.879441171442,0.103921463358246,0.0897432431751048,0.109871914436232,0.849290521454664,NA,NA,1.26534746966911,-0.308413939781691,0.000121534797274176,0.014383830085821,9.29118231594208e-05,-0.316252549527431,0.0180260588603372,-0.00164137780469945,0.00317867934163001,1.15386645342158e-06_3.0073989715804e-07_-9.20464253393066e-10,6.99486590265066e-05,64822,6407,29057,29358,0.00455981326362962,0.00792651571029655,FALSE,bigfoot_2024-12-30_02-09-25.799014
Set_9_biggar_2024-12-26_09-46-41.603156_5.15563636363636e-07_0.5_2_1000_10_4_0_0,1,2024-12-26 11:07:10.907216,25000,1,4,2500,2500,1000,10,1e+06,5.32e-07,5e-07,2e-06,5.15563636363636e-07,5.15563636363636e-06,0,0.3,0.033,0,0,1,1,BLoM,FALSE,1,LoNL,TRUE,NA,NA_NA,1000_367.879441171442,0.103637079806913,0.0868787926760578,0.115001961559487,0.794308988034183,NA,NA,1.06782329659326,-0.302053983151886,-2.36471961568895e-05,0.0141931498667592,9.78214718339587e-05,-0.434772479572267,0.0108599868728988,-0.000642076664423124,0.00279381135789414,1.10186408200827e-06_2.67559274742134e-07_1.81921722269486e-08,4.61344760683131e-05,65092,7057,29045,28990,0.00472800248494438,0.00795953164997413,FALSE,bigbird_2024-12-30_02-41-46.745347
Set_9_biggar_2024-12-26_09-48-26.640349_5.20618181818182e-07_0.5_2_1000_10_4_0_0,1,2024-12-26 11:08:28.60437,25000,1,4,2500,2500,1000,10,1e+06,5.32e-07,5e-07,2e-06,5.20618181818182e-07,5.20618181818182e-06,0,0.3,0.033,0,0,1,1,BLoM,FALSE,1,LoNL,TRUE,NA,NA_NA,1000_367.879441171442,0.0941832983221451,0.0838842063555261,0.0696679513092514,0.522642672001092,NA,NA,1.33911032072412,-0.302047962033791,-6.43567236208708e-05,0.014078282849028,9.72325589044013e-05,-0.258307208887851,0.0241491890101399,-0.000310467477818424,0.0027713095846447,1.14975054576195e-06_2.88525054676214e-07_-1.14461977786919e-08,7.23710170613602e-05,64916,8247,28212,28457,0.00401715996441554,0.00793801014855467,FALSE,bigfoot_2024-12-30_02-42-56.607699
Set_9_biggar_2024-12-26_10-04-11.652055_5.25672727272727e-07_0.5_2_1000_10_4_0_0,1,2024-12-26 11:24:31.242226,25000,1,4,2500,2500,1000,10,1e+06,5.32e-07,5e-07,2e-06,5.25672727272727e-07,5.25672727272727e-06,0,0.3,0.033,0,0,1,1,BLoM,FALSE,1,LoNL,TRUE,NA,NA_NA,1000_367.879441171442,0.102085874888565,0.0936357816638771,0.0994727012512009,0.677352128826431,NA,NA,1.29707118925777,-0.294999514435431,-0.000107879369697404,0.0148983152209396,0.000104029184503087,-0.257556723588477,0.0164329044511589,0.000512104633787014,0.00293591878224798,1.28269103841371e-06_3.83423532529145e-07_1.52932378182385e-08,9.91601307138688e-05,64937,4255,30339,30343,0.00438621170519118,0.00794057805497404,FALSE,biggar_2024-12-30_00-23-19.799685
Set_9_biggar_2024-12-26_10-21-11.644936_5.35781818181818e-07_0.5_2_1000_10_4_0_0,1,2024-12-26 11:39:33.295655,25000,1,4,2500,2500,1000,10,1e+06,5.32e-07,5e-07,2e-06,5.35781818181818e-07,5.35781818181818e-06,0,0.3,0.033,0,0,1,1,BLoM,FALSE,1,LoNL,TRUE,NA,NA_NA,1000_367.879441171442,0.100309241742608,0.0905093921516515,0.085029408447446,1.33895454569188,NA,NA,1.11694664640536,-0.299061511609142,1.22399874683446e-05,0.0145476739389983,0.00010521868913246,-0.325593979205739,0.0254636753431245,-0.000182327405676255,0.00240822448122097,1.08572834338136e-06_1.9140933150649e-07_-1.22330725160663e-08,5.10622433836665e-05,64906,7086,28953,28867,0.00410489497118909,0.00793678733597402,FALSE,biggar_2024-12-30_00-48-19.685959
Set_9_biggar_2024-12-26_10-40-26.651762_5.45890909090909e-07_0.5_2_1000_10_4_0_0,1,2024-12-26 11:59:46.654585,25000,1,4,2500,2500,1000,10,1e+06,5.32e-07,5e-07,2e-06,5.45890909090909e-07,5.45890909090909e-06,0,0.3,0.033,0,0,1,1,BLoM,FALSE,1,LoNL,TRUE,NA,NA_NA,1000_367.879441171442,0.111385517789669,0.0840827706575887,0.0834692751022614,0.493159481295453,NA,NA,1.13815664511305,-0.284110436105567,7.50648502804352e-05,0.0160057330060917,0.000122336115758189,-0.490992270172099,0.0132875600897084,-0.000442509520192982,0.00309841113811256,1.10615721886503e-06_3.24163956057861e-07_7.95817274359753e-11,2.83683927417802e-05,64985,1230,31884,31871,0.00388889329652996,0.00794644755536117,FALSE,bigwig_2024-12-30_06-30-12.985935
Set_9_biggar_2024-12-26_10-53-56.658492_5.50945454545455e-07_0.5_2_1000_10_4_0_0,1,2024-12-26 12:10:55.19012,25000,1,4,2500,2500,1000,10,1e+06,5.32e-07,5e-07,2e-06,5.50945454545455e-07,5.50945454545455e-06,0,0.3,0.033,0,0,1,1,BLoM,FALSE,1,LoNL,TRUE,NA,NA_NA,1000_367.879441171442,0.101686099271039,0.0983917613910654,0.0900245669526343,0.935907350399021,NA,NA,1.13874730145,-0.292459904344792,6.11095072387529e-05,0.0147881275257373,0.000109126092720203,-0.362118991289785,0.0160402022852502,-0.0025017883482704,0.00289323757480602,1.16063410077401e-06_2.33347085979881e-07_2.46288557039335e-08,4.57179273464571e-05,64922,5104,29669,30149,0.00411328446250885,0.00793874383610307,FALSE,bigwig_2024-12-30_06-21-27.527007
