Set_ID,sim,Time,end_gen,ngen1,ngen2,Ne,n_ind,n_ind_exp,n_cages,sequence_length,r_msp,r,r_expt,mu_msp,mu,mu_expt,shape,scale,mut_ratio,flip_sel_coef,Ve_w,Ve_w_expt,va_true,va_left,time_stamp_va_left
Set_7_c3_2024-12-18_22-42-44.113625_2.66060606060606e-08_0.5_2_1000_10_4_0_0,1,2024-12-18 23:03:19.193459,25000,1,4,2500,2500,1000,10,1e+06,5.32e-07,5e-07,2e-06,2.66060606060606e-08,2.66060606060606e-07,0,0.3,0.1,0,0,1,1,0.0172951587804496,0.0121920374764186,ac3-n6_2025-03-13_15-50-37.145128
Set_7_c3_2024-12-18_22-42-44.118078_3.09090909090909e-08_0.5_2_1000_10_4_0_0,1,2024-12-18 23:08:31.286237,25000,1,4,2500,2500,1000,10,1e+06,5.32e-07,5e-07,2e-06,3.09090909090909e-08,3.09090909090909e-07,0,0.3,0.1,0,0,1,1,0.0195921203488036,0.0142738832098143,ac3-n6_2025-03-13_15-50-42.306082
Set_7_c3_2024-12-18_22-42-44.156544_2.37373737373737e-08_0.5_2_1000_10_4_0_0,1,2024-12-18 23:06:44.383702,25000,1,4,2500,2500,1000,10,1e+06,5.32e-07,5e-07,2e-06,2.37373737373737e-08,2.37373737373737e-07,0,0.3,0.1,0,0,1,1,0.0138620308031586,0.0100018245393407,ac3-n6_2025-03-13_15-51-36.350322
Set_7_c3_2024-12-18_23-04-29.905673_3.66464646464646e-08_0.5_2_1000_10_4_0_0,1,2024-12-18 23:25:54.804744,25000,1,4,2500,2500,1000,10,1e+06,5.32e-07,5e-07,2e-06,3.66464646464646e-08,3.66464646464646e-07,0,0.3,0.1,0,0,1,1,0.0212065267458196,0.0149764899434414,ac3-n6_2025-03-13_15-50-18.810659
Set_7_c3_2024-12-18_23-11-28.722666_4.52525252525253e-08_0.5_2_1000_10_4_0_0,1,2024-12-18 23:31:29.901561,25000,1,4,2500,2500,1000,10,1e+06,5.32e-07,5e-07,2e-06,4.52525252525253e-08,4.52525252525253e-07,0,0.3,0.1,0,0,1,1,0.0324367504644816,0.023230094389431,ac3-n6_2025-03-13_15-51-36.605302
Set_7_c3_2024-12-18_23-24-45.25268_4.95555555555556e-08_0.5_2_1000_10_4_0_0,1,2024-12-18 23:41:50.090233,25000,1,4,2500,2500,1000,10,1e+06,5.32e-07,5e-07,2e-06,4.95555555555556e-08,4.95555555555556e-07,0,0.3,0.1,0,0,1,1,0.0314288697885457,0.0218790197101661,ac3-n6_2025-03-13_15-50-35.012678
Set_7_c3_2024-12-18_23-24-58.675426_5.24242424242424e-08_0.5_2_1000_10_4_0_0,1,2024-12-18 23:41:31.168456,25000,1,4,2500,2500,1000,10,1e+06,5.32e-07,5e-07,2e-06,5.24242424242424e-08,5.24242424242424e-07,0,0.3,0.1,0,0,1,1,0.0356212743930136,0.0241206555708306,ac3-n6_2025-03-13_15-51-02.76606
Set_7_c3_2024-12-18_23-37-28.629193_6.38989898989899e-08_0.5_2_1000_10_4_0_0,1,2024-12-18 23:53:58.266435,25000,1,4,2500,2500,1000,10,1e+06,5.32e-07,5e-07,2e-06,6.38989898989899e-08,6.38989898989899e-07,0,0.3,0.1,0,0,1,1,0.0368941384256916,0.026250620581352,ac3-n6_2025-03-13_15-49-40.670127
Set_7_c3_2024-12-18_23-40-28.662015_6.82020202020202e-08_0.5_2_1000_10_4_0_0,1,2024-12-18 23:58:25.277018,25000,1,4,2500,2500,1000,10,1e+06,5.32e-07,5e-07,2e-06,6.82020202020202e-08,6.82020202020202e-07,0,0.3,0.1,0,0,1,1,0.0457706671348037,0.0301398298300164,ac3-n6_2025-03-13_15-50-04.788359
Set_7_c3_2024-12-18_23-52-28.612185_7.82424242424243e-08_0.5_2_1000_10_4_0_0,1,2024-12-19 00:13:02.974102,25000,1,4,2500,2500,1000,10,1e+06,5.32e-07,5e-07,2e-06,7.82424242424243e-08,7.82424242424243e-07,0,0.3,0.1,0,0,1,1,0.0512751503283632,0.0369952138854685,ac3-n6_2025-03-13_15-49-32.44842
Set_7_c3_2024-12-19_00-14-13.623938_9.68888888888889e-08_0.5_2_1000_10_4_0_0,1,2024-12-19 00:36:28.96766,25000,1,4,2500,2500,1000,10,1e+06,5.32e-07,5e-07,2e-06,9.68888888888889e-08,9.68888888888889e-07,0,0.3,0.1,0,0,1,1,0.0626952894106691,0.0454365445405399,ac3-n6_2025-03-13_15-47-44.972039
Set_7_c3_2024-12-19_00-15-28.57144_9.97575757575758e-08_0.5_2_1000_10_4_0_0,1,2024-12-19 00:39:49.605026,25000,1,4,2500,2500,1000,10,1e+06,5.32e-07,5e-07,2e-06,9.97575757575758e-08,9.97575757575758e-07,0,0.3,0.1,0,0,1,1,0.0605129453971812,0.0418284969502046,ac3-n6_2025-03-13_15-47-43.645638
Set_7_c3_2024-12-19_00-17-13.62139_1.02626262626263e-07_0.5_2_1000_10_4_0_0,1,2024-12-19 00:40:09.300842,25000,1,4,2500,2500,1000,10,1e+06,5.32e-07,5e-07,2e-06,1.02626262626263e-07,1.02626262626263e-06,0,0.3,0.1,0,0,1,1,0.0664016452129903,0.0461919900811417,ac3-n6_2025-03-13_15-47-25.610109
Set_7_c3_2024-12-19_00-22-13.566613_1.0549494949495e-07_0.5_2_1000_10_4_0_0,1,2024-12-19 00:48:24.901546,25000,1,4,2500,2500,1000,10,1e+06,5.32e-07,5e-07,2e-06,1.0549494949495e-07,1.0549494949495e-06,0,0.3,0.1,0,0,1,1,0.062766408192786,0.0429032870066674,ac3-n6_2025-03-13_15-47-35.543315
Set_7_c3_2024-12-19_00-29-43.823483_1.0979797979798e-07_0.5_2_1000_10_4_0_0,1,2024-12-19 00:55:49.847842,25000,1,4,2500,2500,1000,10,1e+06,5.32e-07,5e-07,2e-06,1.0979797979798e-07,1.0979797979798e-06,0,0.3,0.1,0,0,1,1,0.069132887913057,0.0488308216124105,ac3-n6_2025-03-13_15-47-21.965451
Set_7_c3_2024-12-19_00-52-43.550754_1.25575757575758e-07_0.5_2_1000_10_4_0_0,1,2024-12-19 01:17:55.313632,25000,1,4,2500,2500,1000,10,1e+06,5.32e-07,5e-07,2e-06,1.25575757575758e-07,1.25575757575758e-06,0,0.3,0.1,0,0,1,1,0.0912181723290953,0.0668058737888096,ac3-n6_2025-03-13_15-57-43.245503
Set_7_c3_2024-12-19_00-58-28.98978_1.28444444444444e-07_0.5_2_1000_10_4_0_0,1,2024-12-19 01:24:28.650383,25000,1,4,2500,2500,1000,10,1e+06,5.32e-07,5e-07,2e-06,1.28444444444444e-07,1.28444444444444e-06,0,0.3,0.1,0,0,1,1,0.0823653332079887,0.0574415863327502,ac3-n6_2025-03-13_15-57-52.658728
Set_7_c3_2024-12-19_01-02-58.594241_1.31313131313131e-07_0.5_2_1000_10_4_0_0,1,2024-12-19 01:29:13.106395,25000,1,4,2500,2500,1000,10,1e+06,5.32e-07,5e-07,2e-06,1.31313131313131e-07,1.31313131313131e-06,0,0.3,0.1,0,0,1,1,0.0833036434613279,0.0569167491776753,ac3-n6_2025-03-13_15-57-56.664563
Set_7_c3_2024-12-19_01-06-28.602328_1.35616161616162e-07_0.5_2_1000_10_4_0_0,1,2024-12-19 01:33:20.54808,25000,1,4,2500,2500,1000,10,1e+06,5.32e-07,5e-07,2e-06,1.35616161616162e-07,1.35616161616162e-06,0,0.3,0.1,0,0,1,1,0.0874451103345101,0.0601920272774747,ac3-n6_2025-03-13_15-58-17.123975
Set_7_c3_2024-12-19_01-25-28.592786_1.47090909090909e-07_0.5_2_1000_10_4_0_0,1,2024-12-19 01:53:57.18971,25000,1,4,2500,2500,1000,10,1e+06,5.32e-07,5e-07,2e-06,1.47090909090909e-07,1.47090909090909e-06,0,0.3,0.1,0,0,1,1,0.089495884428908,0.0631444721382993,ac3-n6_2025-03-13_15-57-53.823732
Set_7_c3_2024-12-19_01-32-43.701929_1.51393939393939e-07_0.5_2_1000_10_4_0_0,1,2024-12-19 02:01:57.445517,25000,1,4,2500,2500,1000,10,1e+06,5.32e-07,5e-07,2e-06,1.51393939393939e-07,1.51393939393939e-06,0,0.3,0.1,0,0,1,1,0.0996004641818202,0.0709004171175489,ac3-n6_2025-03-13_15-59-50.496796
Set_7_c3_2024-12-19_01-41-43.653415_1.57131313131313e-07_0.5_2_1000_10_4_0_0,1,2024-12-19 02:10:22.986062,25000,1,4,2500,2500,1000,10,1e+06,5.32e-07,5e-07,2e-06,1.57131313131313e-07,1.57131313131313e-06,0,0.3,0.1,0,0,1,1,0.101143755107144,0.0706980708683812,ac3-n6_2025-03-13_15-59-03.916803
Set_7_c4_2024-12-18_22-42-44.142717_2.8040404040404e-08_0.5_2_1000_10_4_0_0,1,2024-12-18 22:59:56.139089,25000,1,4,2500,2500,1000,10,1e+06,5.32e-07,5e-07,2e-06,2.8040404040404e-08,2.8040404040404e-07,0,0.3,0.1,0,0,1,1,0.0172283013972808,0.0120726235743353,ac3-n6_2025-03-13_16-02-03.480379
Set_7_c4_2024-12-18_23-06-43.502448_3.95151515151515e-08_0.5_2_1000_10_4_0_0,1,2024-12-18 23:19:22.831212,25000,1,4,2500,2500,1000,10,1e+06,5.32e-07,5e-07,2e-06,3.95151515151515e-08,3.95151515151515e-07,0,0.3,0.1,0,0,1,1,0.0240402132713102,0.0178855514307097,ac3-n6_2025-03-13_16-02-12.869259
Set_7_c4_2024-12-18_23-25-13.414682_5.38585858585859e-08_0.5_2_1000_10_4_0_0,1,2024-12-18 23:38:02.006059,25000,1,4,2500,2500,1000,10,1e+06,5.32e-07,5e-07,2e-06,5.38585858585859e-08,5.38585858585859e-07,0,0.3,0.1,0,0,1,1,0.0350045681180135,0.0243690005116411,ac3-n6_2025-03-13_16-02-13.719157
Set_7_c4_2024-12-18_23-43-13.420203_7.25050505050505e-08_0.5_2_1000_10_4_0_0,1,2024-12-18 23:57:29.450407,25000,1,4,2500,2500,1000,10,1e+06,5.32e-07,5e-07,2e-06,7.25050505050505e-08,7.25050505050505e-07,0,0.3,0.1,0,0,1,1,0.0483803692810337,0.0316876787643973,ac3-n6_2025-03-13_16-01-47.949124
Set_7_c4_2024-12-18_23-59-43.47803_8.68484848484849e-08_0.5_2_1000_10_4_0_0,1,2024-12-19 00:15:03.150151,25000,1,4,2500,2500,1000,10,1e+06,5.32e-07,5e-07,2e-06,8.68484848484849e-08,8.68484848484849e-07,0,0.3,0.1,0,0,1,1,0.0591869575727926,0.0424836889075029,ac3-n6_2025-03-13_16-01-41.3258
Set_7_c5_2024-12-18_22-42-43.276299_1.8e-08_0.5_2_1000_10_4_0_0,1,2024-12-18 22:52:27.990534,25000,1,4,2500,2500,1000,10,1e+06,5.32e-07,5e-07,2e-06,1.8e-08,1.8e-07,0,0.3,0.1,0,0,1,1,0.00994447194133226,0.0072435315691546,ac3-n6_2025-03-13_16-05-06.843494
Set_7_c5_2024-12-18_22-42-43.294989_2.23030303030303e-08_0.5_2_1000_10_4_0_0,1,2024-12-18 22:57:20.231889,25000,1,4,2500,2500,1000,10,1e+06,5.32e-07,5e-07,2e-06,2.23030303030303e-08,2.23030303030303e-07,0,0.3,0.1,0,0,1,1,0.0127346515965776,0.0089310658522346,ac3-n6_2025-03-13_16-04-35.74004
Set_7_c5_2024-12-18_22-42-43.448978_2.51717171717172e-08_0.5_2_1000_10_4_0_0,1,2024-12-18 22:57:49.361945,25000,1,4,2500,2500,1000,10,1e+06,5.32e-07,5e-07,2e-06,2.51717171717172e-08,2.51717171717172e-07,0,0.3,0.1,0,0,1,1,0.0147785221861225,0.0106006356930863,ac3-n6_2025-03-13_16-05-40.431801
Set_7_c5_2024-12-18_22-42-43.450217_1.94343434343434e-08_0.5_2_1000_10_4_0_0,1,2024-12-18 22:54:02.848068,25000,1,4,2500,2500,1000,10,1e+06,5.32e-07,5e-07,2e-06,1.94343434343434e-08,1.94343434343434e-07,0,0.3,0.1,0,0,1,1,0.0125886656152556,0.00911731569899568,ac3-n6_2025-03-13_16-11-13.348644
Set_7_c5_2024-12-18_22-42-43.451498_2.08686868686869e-08_0.5_2_1000_10_4_0_0,1,2024-12-18 22:53:33.053299,25000,1,4,2500,2500,1000,10,1e+06,5.32e-07,5e-07,2e-06,2.08686868686869e-08,2.08686868686869e-07,0,0.3,0.1,0,0,1,1,0.015696001393426,0.0100337655124197,ac3-n6_2025-03-13_16-11-46.624985
Set_7_c5_2024-12-18_22-42-43.455615_2.94747474747475e-08_0.5_2_1000_10_4_0_0,1,2024-12-18 23:00:31.887776,25000,1,4,2500,2500,1000,10,1e+06,5.32e-07,5e-07,2e-06,2.94747474747475e-08,2.94747474747475e-07,0,0.3,0.1,0,0,1,1,0.0183134045697219,0.0131592012401416,ac3-n6_2025-03-13_16-11-27.697594
Set_7_c5_2024-12-18_23-03-12.855329_3.23434343434343e-08_0.5_2_1000_10_4_0_0,1,2024-12-18 23:17:13.572828,25000,1,4,2500,2500,1000,10,1e+06,5.32e-07,5e-07,2e-06,3.23434343434343e-08,3.23434343434343e-07,0,0.3,0.1,0,0,1,1,0.0223262568633226,0.0154633426367075,ac3-n6_2025-03-13_16-11-19.899441
Set_7_c5_2024-12-18_23-03-46.567245_3.37777777777778e-08_0.5_2_1000_10_4_0_0,1,2024-12-18 23:17:34.891361,25000,1,4,2500,2500,1000,10,1e+06,5.32e-07,5e-07,2e-06,3.37777777777778e-08,3.37777777777778e-07,0,0.3,0.1,0,0,1,1,0.0229481299796447,0.0156131763476479,ac3-n6_2025-03-13_16-11-12.9668
Set_7_c5_2024-12-18_23-04-29.206722_3.52121212121212e-08_0.5_2_1000_10_4_0_0,1,2024-12-18 23:17:40.913006,25000,1,4,2500,2500,1000,10,1e+06,5.32e-07,5e-07,2e-06,3.52121212121212e-08,3.52121212121212e-07,0,0.3,0.1,0,0,1,1,0.0245694330469949,0.0174195501519027,ac3-n6_2025-03-13_16-11-18.760139
Set_7_c5_2024-12-18_23-06-42.855091_4.09494949494949e-08_0.5_2_1000_10_4_0_0,1,2024-12-18 23:23:32.599233,25000,1,4,2500,2500,1000,10,1e+06,5.32e-07,5e-07,2e-06,4.09494949494949e-08,4.09494949494949e-07,0,0.3,0.1,0,0,1,1,0.0254390294596722,0.0176523025434534,ac3-n6_2025-03-13_16-11-34.675314
Set_7_c5_2024-12-18_23-06-42.906337_3.80808080808081e-08_0.5_2_1000_10_4_0_0,1,2024-12-18 23:19:16.298387,25000,1,4,2500,2500,1000,10,1e+06,5.32e-07,5e-07,2e-06,3.80808080808081e-08,3.80808080808081e-07,0,0.3,0.1,0,0,1,1,0.0223302913018135,0.0159932415146013,ac3-n6_2025-03-13_16-13-15.813441
Set_7_c5_2024-12-18_23-09-27.854857_4.23838383838384e-08_0.5_2_1000_10_4_0_0,1,2024-12-18 23:24:57.838421,25000,1,4,2500,2500,1000,10,1e+06,5.32e-07,5e-07,2e-06,4.23838383838384e-08,4.23838383838384e-07,0,0.3,0.1,0,0,1,1,0.0267106509646915,0.0188303175072886,ac3-n6_2025-03-13_16-13-32.275511
Set_7_c5_2024-12-18_23-11-27.908373_4.38181818181818e-08_0.5_2_1000_10_4_0_0,1,2024-12-18 23:27:10.580463,25000,1,4,2500,2500,1000,10,1e+06,5.32e-07,5e-07,2e-06,4.38181818181818e-08,4.38181818181818e-07,0,0.3,0.1,0,0,1,1,0.0278409754763195,0.0200109032631688,ac3-n6_2025-03-13_16-14-34.63559
Set_7_c5_2024-12-18_23-23-42.778991_4.66868686868687e-08_0.5_2_1000_10_4_0_0,1,2024-12-18 23:34:28.470991,25000,1,4,2500,2500,1000,10,1e+06,5.32e-07,5e-07,2e-06,4.66868686868687e-08,4.66868686868687e-07,0,0.3,0.1,0,0,1,1,0.0293790303026921,0.0218791304966746,ac3-n6_2025-03-13_16-14-13.680604
Set_7_c5_2024-12-18_23-23-57.917735_4.81212121212121e-08_0.5_2_1000_10_4_0_0,1,2024-12-18 23:35:02.423206,25000,1,4,2500,2500,1000,10,1e+06,5.32e-07,5e-07,2e-06,4.81212121212121e-08,4.81212121212121e-07,0,0.3,0.1,0,0,1,1,0.0295244731388118,0.0200326154997251,ac3-n6_2025-03-13_16-14-51.006989
Set_7_c5_2024-12-18_23-24-57.774643_5.0989898989899e-08_0.5_2_1000_10_4_0_0,1,2024-12-18 23:36:06.325266,25000,1,4,2500,2500,1000,10,1e+06,5.32e-07,5e-07,2e-06,5.0989898989899e-08,5.0989898989899e-07,0,0.3,0.1,0,0,1,1,0.0339603700190956,0.0238062625452328,ac3-n6_2025-03-13_16-15-42.49453
Set_7_c5_2024-12-18_23-26-57.799675_5.52929292929293e-08_0.5_2_1000_10_4_0_0,1,2024-12-18 23:38:13.977098,25000,1,4,2500,2500,1000,10,1e+06,5.32e-07,5e-07,2e-06,5.52929292929293e-08,5.52929292929293e-07,0,0.3,0.1,0,0,1,1,0.0391361229766439,0.0261522471364918,ac3-n6_2025-03-13_16-17-16.093728
Set_7_c5_2024-12-18_23-27-42.896108_5.67272727272727e-08_0.5_2_1000_10_4_0_0,1,2024-12-18 23:39:13.875802,25000,1,4,2500,2500,1000,10,1e+06,5.32e-07,5e-07,2e-06,5.67272727272727e-08,5.67272727272727e-07,0,0.3,0.1,0,0,1,1,0.0354365116050064,0.0255980529372495,ac3-n6_2025-03-13_16-17-02.269174
Set_7_c5_2024-12-18_23-28-57.882811_5.81616161616162e-08_0.5_2_1000_10_4_0_0,1,2024-12-18 23:40:53.869582,25000,1,4,2500,2500,1000,10,1e+06,5.32e-07,5e-07,2e-06,5.81616161616162e-08,5.81616161616162e-07,0,0.3,0.1,0,0,1,1,0.0397718371234034,0.0292276511090185,ac3-n6_2025-03-13_16-23-05.437906
Set_7_c5_2024-12-18_23-32-57.874183_5.95959595959596e-08_0.5_2_1000_10_4_0_0,1,2024-12-18 23:45:01.289784,25000,1,4,2500,2500,1000,10,1e+06,5.32e-07,5e-07,2e-06,5.95959595959596e-08,5.95959595959596e-07,0,0.3,0.1,0,0,1,1,0.0392807460631662,0.0290189967798005,ac3-n6_2025-03-13_16-23-07.425096
Set_7_c5_2024-12-18_23-35-42.930831_6.1030303030303e-08_0.5_2_1000_10_4_0_0,1,2024-12-18 23:47:52.110358,25000,1,4,2500,2500,1000,10,1e+06,5.32e-07,5e-07,2e-06,6.1030303030303e-08,6.1030303030303e-07,0,0.3,0.1,0,0,1,1,0.042405222798629,0.0279934203073885,ac3-n6_2025-03-13_16-23-37.356175
Set_7_c5_2024-12-18_23-36-27.821229_6.24646464646465e-08_0.5_2_1000_10_4_0_0,1,2024-12-18 23:49:05.221618,25000,1,4,2500,2500,1000,10,1e+06,5.32e-07,5e-07,2e-06,6.24646464646465e-08,6.24646464646465e-07,0,0.3,0.1,0,0,1,1,0.0419232811213057,0.0287319236737129,ac3-n6_2025-03-13_16-23-24.533332
Set_7_c5_2024-12-18_23-39-12.858887_6.53333333333333e-08_0.5_2_1000_10_4_0_0,1,2024-12-18 23:51:23.971429,25000,1,4,2500,2500,1000,10,1e+06,5.32e-07,5e-07,2e-06,6.53333333333333e-08,6.53333333333333e-07,0,0.3,0.1,0,0,1,1,0.040205114195577,0.0266820797917526,ac3-n6_2025-03-13_16-23-24.558878
Set_7_c5_2024-12-18_23-39-27.89167_6.67676767676768e-08_0.5_2_1000_10_4_0_0,1,2024-12-18 23:51:55.138137,25000,1,4,2500,2500,1000,10,1e+06,5.32e-07,5e-07,2e-06,6.67676767676768e-08,6.67676767676768e-07,0,0.3,0.1,0,0,1,1,0.0400503961997706,0.0288524998841088,ac3-n6_2025-03-13_16-23-26.085883
Set_7_c5_2024-12-18_23-42-12.83637_6.96363636363636e-08_0.5_2_1000_10_4_0_0,1,2024-12-18 23:55:12.553169,25000,1,4,2500,2500,1000,10,1e+06,5.32e-07,5e-07,2e-06,6.96363636363636e-08,6.96363636363636e-07,0,0.3,0.1,0,0,1,1,0.0475557578338617,0.0332845062412808,ac3-n6_2025-03-13_16-23-19.413577
Set_7_c5_2024-12-18_23-43-12.921112_7.10707070707071e-08_0.5_2_1000_10_4_0_0,1,2024-12-18 23:56:47.250359,25000,1,4,2500,2500,1000,10,1e+06,5.32e-07,5e-07,2e-06,7.10707070707071e-08,7.10707070707071e-07,0,0.3,0.1,0,0,1,1,0.0468980157140925,0.032302617424541,ac3-n6_2025-03-13_16-23-52.010392
Set_7_c5_2024-12-18_23-46-12.902891_7.39393939393939e-08_0.5_2_1000_10_4_0_0,1,2024-12-18 23:59:56.160871,25000,1,4,2500,2500,1000,10,1e+06,5.32e-07,5e-07,2e-06,7.39393939393939e-08,7.39393939393939e-07,0,0.3,0.1,0,0,1,1,0.0445402697780697,0.0313941602549824,ac3-n6_2025-03-13_16-23-49.650778
Set_7_c5_2024-12-18_23-48-58.013599_7.53737373737374e-08_0.5_2_1000_10_4_0_0,1,2024-12-19 00:03:30.227756,25000,1,4,2500,2500,1000,10,1e+06,5.32e-07,5e-07,2e-06,7.53737373737374e-08,7.53737373737374e-07,0,0.3,0.1,0,0,1,1,0.0456487511707483,0.0317299088640975,ac3-n6_2025-03-13_16-24-26.651517
Set_7_c5_2024-12-18_23-50-12.928475_7.68080808080808e-08_0.5_2_1000_10_4_0_0,1,2024-12-19 00:03:56.7466,25000,1,4,2500,2500,1000,10,1e+06,5.32e-07,5e-07,2e-06,7.68080808080808e-08,7.68080808080808e-07,0,0.3,0.1,0,0,1,1,0.0478996800968259,0.0342748277020774,ac3-n6_2025-03-13_16-25-15.991975
Set_7_c5_2024-12-18_23-52-57.840238_7.96767676767677e-08_0.5_2_1000_10_4_0_0,1,2024-12-19 00:07:53.9983,25000,1,4,2500,2500,1000,10,1e+06,5.32e-07,5e-07,2e-06,7.96767676767677e-08,7.96767676767677e-07,0,0.3,0.1,0,0,1,1,0.0511446625308702,0.0359096218976698,ac3-n6_2025-03-13_16-25-18.823867
Set_7_c5_2024-12-18_23-55-12.843776_8.11111111111111e-08_0.5_2_1000_10_4_0_0,1,2024-12-19 00:10:09.182721,25000,1,4,2500,2500,1000,10,1e+06,5.32e-07,5e-07,2e-06,8.11111111111111e-08,8.11111111111111e-07,0,0.3,0.1,0,0,1,1,0.0544800998067593,0.0388720385524831,ac3-n6_2025-03-13_16-25-48.160087
Set_7_c5_2024-12-18_23-56-12.885505_8.25454545454546e-08_0.5_2_1000_10_4_0_0,1,2024-12-19 00:12:10.741203,25000,1,4,2500,2500,1000,10,1e+06,5.32e-07,5e-07,2e-06,8.25454545454546e-08,8.25454545454546e-07,0,0.3,0.1,0,0,1,1,0.0568533761726659,0.0393031954291111,ac3-n6_2025-03-13_16-27-50.960337
Set_7_c5_2024-12-18_23-57-57.90957_8.3979797979798e-08_0.5_2_1000_10_4_0_0,1,2024-12-19 00:13:35.272367,25000,1,4,2500,2500,1000,10,1e+06,5.32e-07,5e-07,2e-06,8.3979797979798e-08,8.3979797979798e-07,0,0.3,0.1,0,0,1,1,0.0540102670042336,0.0393431913471908,ac3-n6_2025-03-13_16-29-05.048259
Set_7_c5_2024-12-18_23-58-43.008723_8.54141414141414e-08_0.5_2_1000_10_4_0_0,1,2024-12-19 00:14:31.090269,25000,1,4,2500,2500,1000,10,1e+06,5.32e-07,5e-07,2e-06,8.54141414141414e-08,8.54141414141414e-07,0,0.3,0.1,0,0,1,1,0.0521326771434859,0.0379563364689686,ac3-n6_2025-03-13_16-34-57.043594
Set_7_c5_2024-12-19_00-00-57.912646_8.82828282828283e-08_0.5_2_1000_10_4_0_0,1,2024-12-19 00:16:17.362812,25000,1,4,2500,2500,1000,10,1e+06,5.32e-07,5e-07,2e-06,8.82828282828283e-08,8.82828282828283e-07,0,0.3,0.1,0,0,1,1,0.0592837035216537,0.0427101418512495,ac3-n6_2025-03-13_16-35-18.581247
Set_7_c5_2024-12-19_00-04-27.924021_8.97171717171717e-08_0.5_2_1000_10_4_0_0,1,2024-12-19 00:20:24.243632,25000,1,4,2500,2500,1000,10,1e+06,5.32e-07,5e-07,2e-06,8.97171717171717e-08,8.97171717171717e-07,0,0.3,0.1,0,0,1,1,0.0592573901058309,0.0392610724557044,ac3-n6_2025-03-13_16-35-51.747878
Set_7_c5_2024-12-19_00-05-00.674833_9.11515151515152e-08_0.5_2_1000_10_4_0_0,1,2024-12-19 00:21:12.952317,25000,1,4,2500,2500,1000,10,1e+06,5.32e-07,5e-07,2e-06,9.11515151515152e-08,9.11515151515152e-07,0,0.3,0.1,0,0,1,1,0.0587657691826855,0.0399357070512045,ac3-n6_2025-03-13_16-36-02.138951
Set_7_c5_2024-12-19_00-08-57.989868_9.25858585858586e-08_0.5_2_1000_10_4_0_0,1,2024-12-19 00:24:50.392243,25000,1,4,2500,2500,1000,10,1e+06,5.32e-07,5e-07,2e-06,9.25858585858586e-08,9.25858585858586e-07,0,0.3,0.1,0,0,1,1,0.0602990348527345,0.0419402602955584,ac3-n6_2025-03-13_16-36-26.645751
Set_7_c5_2024-12-19_00-11-12.836644_9.4020202020202e-08_0.5_2_1000_10_4_0_0,1,2024-12-19 00:27:01.409411,25000,1,4,2500,2500,1000,10,1e+06,5.32e-07,5e-07,2e-06,9.4020202020202e-08,9.4020202020202e-07,0,0.3,0.1,0,0,1,1,0.061234907778348,0.044033417345458,ac3-n6_2025-03-13_16-36-26.908815
Set_7_c5_2024-12-19_00-13-12.997307_9.54545454545455e-08_0.5_2_1000_10_4_0_0,1,2024-12-19 00:28:52.178258,25000,1,4,2500,2500,1000,10,1e+06,5.32e-07,5e-07,2e-06,9.54545454545455e-08,9.54545454545455e-07,0,0.3,0.1,0,0,1,1,0.0607216354440777,0.0433126181854835,ac3-n6_2025-03-13_16-36-14.802585
Set_7_c5_2024-12-19_00-14-42.824265_9.83232323232323e-08_0.5_2_1000_10_4_0_0,1,2024-12-19 00:30:43.749211,25000,1,4,2500,2500,1000,10,1e+06,5.32e-07,5e-07,2e-06,9.83232323232323e-08,9.83232323232323e-07,0,0.3,0.1,0,0,1,1,0.0591196695598277,0.0419287185575611,ac3-n6_2025-03-13_16-36-42.216338
Set_7_c5_2024-12-19_00-15-58.028115_1.01191919191919e-07_0.5_2_1000_10_4_0_0,1,2024-12-19 00:31:40.034886,25000,1,4,2500,2500,1000,10,1e+06,5.32e-07,5e-07,2e-06,1.01191919191919e-07,1.01191919191919e-06,0,0.3,0.1,0,0,1,1,0.0621710292301232,0.0431841308588342,ac3-n6_2025-03-13_16-36-48.872667
Set_7_c5_2024-12-19_00-21-12.919064_1.04060606060606e-07_0.5_2_1000_10_4_0_0,1,2024-12-19 00:36:26.523085,25000,1,4,2500,2500,1000,10,1e+06,5.32e-07,5e-07,2e-06,1.04060606060606e-07,1.04060606060606e-06,0,0.3,0.1,0,0,1,1,0.070075178191719,0.0475541434626579,ac3-n6_2025-03-13_16-37-01.869637
Set_7_c5_2024-12-19_00-25-42.857325_1.06929292929293e-07_0.5_2_1000_10_4_0_0,1,2024-12-19 00:42:31.964242,25000,1,4,2500,2500,1000,10,1e+06,5.32e-07,5e-07,2e-06,1.06929292929293e-07,1.06929292929293e-06,0,0.3,0.1,0,0,1,1,0.0627877335904143,0.0448596363507765,ac3-n6_2025-03-13_16-37-22.418426
Set_7_c5_2024-12-19_00-27-57.831681_1.08363636363636e-07_0.5_2_1000_10_4_0_0,1,2024-12-19 00:44:22.518364,25000,1,4,2500,2500,1000,10,1e+06,5.32e-07,5e-07,2e-06,1.08363636363636e-07,1.08363636363636e-06,0,0.3,0.1,0,0,1,1,0.0701985967408654,0.0507976716125051,ac3-n6_2025-03-13_16-37-19.938789
Set_7_c5_2024-12-19_00-31-42.927948_1.11232323232323e-07_0.5_2_1000_10_4_0_0,1,2024-12-19 00:50:15.27428,25000,1,4,2500,2500,1000,10,1e+06,5.32e-07,5e-07,2e-06,1.11232323232323e-07,1.11232323232323e-06,0,0.3,0.1,0,0,1,1,0.0678292125187785,0.0458814313840959,ac3-n6_2025-03-13_16-37-23.257639
Set_7_c5_2024-12-19_00-32-27.834559_1.12666666666667e-07_0.5_2_1000_10_4_0_0,1,2024-12-19 00:51:37.919008,25000,1,4,2500,2500,1000,10,1e+06,5.32e-07,5e-07,2e-06,1.12666666666667e-07,1.12666666666667e-06,0,0.3,0.1,0,0,1,1,0.0697132623815515,0.0486545744926852,ac3-n6_2025-03-13_16-38-56.053463
Set_7_c5_2024-12-19_00-37-57.857502_1.1410101010101e-07_0.5_2_1000_10_4_0_0,1,2024-12-19 00:57:26.904085,25000,1,4,2500,2500,1000,10,1e+06,5.32e-07,5e-07,2e-06,1.1410101010101e-07,1.1410101010101e-06,0,0.3,0.1,0,0,1,1,0.0742023036203248,0.051176914538205,ac3-n6_2025-03-13_16-42-15.25085
Set_7_c5_2024-12-19_00-38-12.796154_1.15535353535354e-07_0.5_2_1000_10_4_0_0,1,2024-12-19 00:57:45.277876,25000,1,4,2500,2500,1000,10,1e+06,5.32e-07,5e-07,2e-06,1.15535353535354e-07,1.15535353535354e-06,0,0.3,0.1,0,0,1,1,0.0789853538489398,0.0534220064502009,ac3-n6_2025-03-13_16-46-19.647963
Set_7_c5_2024-12-19_00-41-27.939171_1.16969696969697e-07_0.5_2_1000_10_4_0_0,1,2024-12-19 01:01:46.090288,25000,1,4,2500,2500,1000,10,1e+06,5.32e-07,5e-07,2e-06,1.16969696969697e-07,1.16969696969697e-06,0,0.3,0.1,0,0,1,1,0.0782945470980356,0.055594372134717,ac3-n6_2025-03-13_16-47-21.873467
Set_7_c5_2024-12-19_00-41-27.954423_1.1840404040404e-07_0.5_2_1000_10_4_0_0,1,2024-12-19 01:02:28.473111,25000,1,4,2500,2500,1000,10,1e+06,5.32e-07,5e-07,2e-06,1.1840404040404e-07,1.1840404040404e-06,0,0.3,0.1,0,0,1,1,0.0769731700309939,0.0543295859974102,ac3-n6_2025-03-13_16-49-13.530401
Set_7_c5_2024-12-19_00-43-27.894967_1.19838383838384e-07_0.5_2_1000_10_4_0_0,1,2024-12-19 01:03:30.290594,25000,1,4,2500,2500,1000,10,1e+06,5.32e-07,5e-07,2e-06,1.19838383838384e-07,1.19838383838384e-06,0,0.3,0.1,0,0,1,1,0.0797565844818962,0.0559358257414345,ac3-n6_2025-03-13_16-50-14.034186
Set_7_c5_2024-12-19_00-45-27.893127_1.21272727272727e-07_0.5_2_1000_10_4_0_0,1,2024-12-19 01:05:43.398062,25000,1,4,2500,2500,1000,10,1e+06,5.32e-07,5e-07,2e-06,1.21272727272727e-07,1.21272727272727e-06,0,0.3,0.1,0,0,1,1,0.0766176835574537,0.052773405016147,ac3-n6_2025-03-13_16-50-18.494751
Set_7_c5_2024-12-19_00-49-27.880234_1.22707070707071e-07_0.5_2_1000_10_4_0_0,1,2024-12-19 01:09:40.052094,25000,1,4,2500,2500,1000,10,1e+06,5.32e-07,5e-07,2e-06,1.22707070707071e-07,1.22707070707071e-06,0,0.3,0.1,0,0,1,1,0.0808629698291839,0.0546243438857301,ac3-n6_2025-03-13_16-51-10.585943
Set_7_c5_2024-12-19_00-52-27.951775_1.24141414141414e-07_0.5_2_1000_10_4_0_0,1,2024-12-19 01:11:46.259662,25000,1,4,2500,2500,1000,10,1e+06,5.32e-07,5e-07,2e-06,1.24141414141414e-07,1.24141414141414e-06,0,0.3,0.1,0,0,1,1,0.0797267511130945,0.0559124653801875,ac3-n6_2025-03-13_16-50-36.987962
Set_7_c5_2024-12-19_00-56-43.939462_1.27010101010101e-07_0.5_2_1000_10_4_0_0,1,2024-12-19 01:16:22.775364,25000,1,4,2500,2500,1000,10,1e+06,5.32e-07,5e-07,2e-06,1.27010101010101e-07,1.27010101010101e-06,0,0.3,0.1,0,0,1,1,0.09163365336173,0.0652587556692509,ac3-n6_2025-03-13_16-51-06.488263
Set_7_c5_2024-12-19_00-58-42.939099_1.29878787878788e-07_0.5_2_1000_10_4_0_0,1,2024-12-19 01:18:16.860828,25000,1,4,2500,2500,1000,10,1e+06,5.32e-07,5e-07,2e-06,1.29878787878788e-07,1.29878787878788e-06,0,0.3,0.1,0,0,1,1,0.0801819996326652,0.0574817429728475,ac3-n6_2025-03-13_16-51-30.358126
Set_7_c5_2024-12-19_01-03-27.884292_1.32747474747475e-07_0.5_2_1000_10_4_0_0,1,2024-12-19 01:23:22.043649,25000,1,4,2500,2500,1000,10,1e+06,5.32e-07,5e-07,2e-06,1.32747474747475e-07,1.32747474747475e-06,0,0.3,0.1,0,0,1,1,0.088667880798188,0.0610828346638042,ac3-n6_2025-03-13_16-51-03.352191
Set_7_c5_2024-12-19_01-04-27.905537_1.34181818181818e-07_0.5_2_1000_10_4_0_0,1,2024-12-19 01:23:34.265741,25000,1,4,2500,2500,1000,10,1e+06,5.32e-07,5e-07,2e-06,1.34181818181818e-07,1.34181818181818e-06,0,0.3,0.1,0,0,1,1,0.0876483152444735,0.0617257948296596,ac3-n6_2025-03-13_16-51-28.164758
Set_7_c5_2024-12-19_01-10-42.884074_1.37050505050505e-07_0.5_2_1000_10_4_0_0,1,2024-12-19 01:31:34.178603,25000,1,4,2500,2500,1000,10,1e+06,5.32e-07,5e-07,2e-06,1.37050505050505e-07,1.37050505050505e-06,0,0.3,0.1,0,0,1,1,0.0846977142386435,0.060643593092253,ac3-n6_2025-03-13_16-51-52.669481
Set_7_c5_2024-12-19_01-12-27.867033_1.38484848484849e-07_0.5_2_1000_10_4_0_0,1,2024-12-19 01:32:00.222197,25000,1,4,2500,2500,1000,10,1e+06,5.32e-07,5e-07,2e-06,1.38484848484849e-07,1.38484848484849e-06,0,0.3,0.1,0,0,1,1,0.0865704309806959,0.0587164908945919,ac3-n6_2025-03-13_16-51-28.016972
Set_7_c5_2024-12-19_01-17-12.947256_1.39919191919192e-07_0.5_2_1000_10_4_0_0,1,2024-12-19 01:38:28.576104,25000,1,4,2500,2500,1000,10,1e+06,5.32e-07,5e-07,2e-06,1.39919191919192e-07,1.39919191919192e-06,0,0.3,0.1,0,0,1,1,0.0853855954519293,0.0602820768772994,ac3-n6_2025-03-13_16-51-41.827182
Set_7_c5_2024-12-19_01-18-57.884259_1.41353535353535e-07_0.5_2_1000_10_4_0_0,1,2024-12-19 01:40:27.552183,25000,1,4,2500,2500,1000,10,1e+06,5.32e-07,5e-07,2e-06,1.41353535353535e-07,1.41353535353535e-06,0,0.3,0.1,0,0,1,1,0.0937190698697074,0.063848789621815,ac3-n6_2025-03-13_16-55-24.584019
Set_7_c5_2024-12-19_01-19-12.895861_1.42787878787879e-07_0.5_2_1000_10_4_0_0,1,2024-12-19 01:40:45.255966,25000,1,4,2500,2500,1000,10,1e+06,5.32e-07,5e-07,2e-06,1.42787878787879e-07,1.42787878787879e-06,0,0.3,0.1,0,0,1,1,0.0953432207750576,0.0669099652405232,ac3-n6_2025-03-13_16-59-15.938053
Set_7_c5_2024-12-19_01-24-12.894955_1.44222222222222e-07_0.5_2_1000_10_4_0_0,1,2024-12-19 01:45:35.717009,25000,1,4,2500,2500,1000,10,1e+06,5.32e-07,5e-07,2e-06,1.44222222222222e-07,1.44222222222222e-06,0,0.3,0.1,0,0,1,1,0.0917343290434609,0.0652273226723648,ac3-n6_2025-03-13_16-58-24.860567
Set_7_c5_2024-12-19_01-24-27.891044_1.45656565656566e-07_0.5_2_1000_10_4_0_0,1,2024-12-19 01:45:30.384022,25000,1,4,2500,2500,1000,10,1e+06,5.32e-07,5e-07,2e-06,1.45656565656566e-07,1.45656565656566e-06,0,0.3,0.1,0,0,1,1,0.0914584272390777,0.0650063423921566,ac3-n6_2025-03-13_17-03-02.782336
Set_7_c5_2024-12-19_01-30-12.919806_1.48525252525253e-07_0.5_2_1000_10_4_0_0,1,2024-12-19 01:51:50.741158,25000,1,4,2500,2500,1000,10,1e+06,5.32e-07,5e-07,2e-06,1.48525252525253e-07,1.48525252525253e-06,0,0.3,0.1,0,0,1,1,0.0959145741214739,0.0684855123173427,ac3-n6_2025-03-13_17-00-32.701988
Set_7_c5_2024-12-19_01-32-27.862863_1.49959595959596e-07_0.5_2_1000_10_4_0_0,1,2024-12-19 01:54:24.086869,25000,1,4,2500,2500,1000,10,1e+06,5.32e-07,5e-07,2e-06,1.49959595959596e-07,1.49959595959596e-06,0,0.3,0.1,0,0,1,1,0.0960576856274355,0.0664887954097751,ac3-n6_2025-03-13_17-02-51.423263
Set_7_c5_2024-12-19_01-34-12.970237_1.52828282828283e-07_0.5_2_1000_10_4_0_0,1,2024-12-19 01:57:02.266348,25000,1,4,2500,2500,1000,10,1e+06,5.32e-07,5e-07,2e-06,1.52828282828283e-07,1.52828282828283e-06,0,0.3,0.1,0,0,1,1,0.0971163196889212,0.0681573655220966,ac3-n6_2025-03-13_17-02-50.397419
Set_7_c5_2024-12-19_01-39-12.884943_1.54262626262626e-07_0.5_2_1000_10_4_0_0,1,2024-12-19 02:02:03.944459,25000,1,4,2500,2500,1000,10,1e+06,5.32e-07,5e-07,2e-06,1.54262626262626e-07,1.54262626262626e-06,0,0.3,0.1,0,0,1,1,0.0946918149896606,0.0662554164178206,ac3-n6_2025-03-13_17-02-34.732931
Set_7_c5_2024-12-19_01-41-27.939846_1.5569696969697e-07_0.5_2_1000_10_4_0_0,1,2024-12-19 02:03:29.56317,25000,1,4,2500,2500,1000,10,1e+06,5.32e-07,5e-07,2e-06,1.5569696969697e-07,1.5569696969697e-06,0,0.3,0.1,0,0,1,1,0.102643216996264,0.0698373806631447,ac3-n6_2025-03-13_17-06-57.692326
Set_7_c5_2024-12-19_01-46-27.909196_1.6e-07_0.5_2_1000_10_4_0_0,1,2024-12-19 02:08:40.582226,25000,1,4,2500,2500,1000,10,1e+06,5.32e-07,5e-07,2e-06,1.6e-07,1.6e-06,0,0.3,0.1,0,0,1,1,0.0951169590138123,0.0679329106302756,ac3-n6_2025-03-13_17-07-01.904569
Set_7_c5_2024-12-19_01-46-27.974096_1.58565656565657e-07_0.5_2_1000_10_4_0_0,1,2024-12-19 02:08:53.089417,25000,1,4,2500,2500,1000,10,1e+06,5.32e-07,5e-07,2e-06,1.58565656565657e-07,1.58565656565657e-06,0,0.3,0.1,0,0,1,1,0.109179520507013,0.0753831022607696,ac3-n6_2025-03-13_17-03-12.818564
Set_9_bigbird_2024-12-26_00-57-27.204099_6.57090909090909e-08_0.5_2_1000_10_4_0_0,1,2024-12-26 01:30:18.039552,25000,1,4,2500,2500,1000,10,1e+06,5.32e-07,5e-07,2e-06,6.57090909090909e-08,6.57090909090909e-07,0,0.3,0.033,0,0,1,1,0.0129623315897482,0.0114900686381402,ac3-n6_2025-03-13_17-43-26.766218
Set_9_bigbird_2024-12-26_00-57-27.25767_6.06545454545455e-08_0.5_2_1000_10_4_0_0,1,2024-12-26 01:28:04.469701,25000,1,4,2500,2500,1000,10,1e+06,5.32e-07,5e-07,2e-06,6.06545454545455e-08,6.06545454545455e-07,0,0.3,0.033,0,0,1,1,0.011988968527613,0.0105638735353539,ac3-n6_2025-03-13_17-43-45.745521
Set_9_bigbird_2024-12-26_00-57-27.263327_8.08727272727273e-08_0.5_2_1000_10_4_0_0,1,2024-12-26 01:31:22.862969,25000,1,4,2500,2500,1000,10,1e+06,5.32e-07,5e-07,2e-06,8.08727272727273e-08,8.08727272727273e-07,0,0.3,0.033,0,0,1,1,0.0155584266242664,0.0137732043733741,ac3-n6_2025-03-13_17-42-37.419299
Set_9_bigbird_2024-12-26_00-57-27.263749_9.09818181818182e-08_0.5_2_1000_10_4_0_0,1,2024-12-26 01:39:42.698124,25000,1,4,2500,2500,1000,10,1e+06,5.32e-07,5e-07,2e-06,9.09818181818182e-08,9.09818181818182e-07,0,0.3,0.033,0,0,1,1,0.0191478039541776,0.017202131060633,ac3-n6_2025-03-13_17-42-48.751719
Set_9_bigbird_2024-12-26_01-00-41.569847_1.112e-07_0.5_2_1000_10_4_0_0,1,2024-12-26 01:47:54.383475,25000,1,4,2500,2500,1000,10,1e+06,5.32e-07,5e-07,2e-06,1.112e-07,1.112e-06,0,0.3,0.033,0,0,1,1,0.022784527395274,0.0201318972569676,ac3-n6_2025-03-13_17-45-32.276288
Set_9_bigbird_2024-12-26_01-16-42.137096_1.16254545454545e-07_0.5_2_1000_10_4_0_0,1,2024-12-26 02:02:47.304371,25000,1,4,2500,2500,1000,10,1e+06,5.32e-07,5e-07,2e-06,1.16254545454545e-07,1.16254545454545e-06,0,0.3,0.033,0,0,1,1,0.022165743085286,0.0196682718996167,ac3-n6_2025-03-13_17-52-24.835059
Set_9_bigbird_2024-12-26_01-39-26.61531_1.41527272727273e-07_0.5_2_1000_10_4_0_0,1,2024-12-26 02:26:26.851066,25000,1,4,2500,2500,1000,10,1e+06,5.32e-07,5e-07,2e-06,1.41527272727273e-07,1.41527272727273e-06,0,0.3,0.033,0,0,1,1,0.0262687785373371,0.0229148523721368,ac3-n6_2025-03-13_17-53-17.947554
Set_9_bigbird_2024-12-26_01-43-11.587899_1.51636363636364e-07_0.5_2_1000_10_4_0_0,1,2024-12-26 02:33:34.818903,25000,1,4,2500,2500,1000,10,1e+06,5.32e-07,5e-07,2e-06,1.51636363636364e-07,1.51636363636364e-06,0,0.3,0.033,0,0,1,1,0.030646063254431,0.0270846415355055,ac3-n6_2025-03-13_17-53-32.234411
Set_9_bigbird_2024-12-26_01-46-11.566655_1.61745454545455e-07_0.5_2_1000_10_4_0_0,1,2024-12-26 02:44:01.482452,25000,1,4,2500,2500,1000,10,1e+06,5.32e-07,5e-07,2e-06,1.61745454545455e-07,1.61745454545455e-06,0,0.3,0.033,0,0,1,1,0.0337399705176039,0.0299185817547771,ac3-n6_2025-03-13_17-57-31.281057
Set_9_bigbird_2024-12-26_01-51-56.596743_1.71854545454545e-07_0.5_2_1000_10_4_0_0,1,2024-12-26 02:52:10.780799,25000,1,4,2500,2500,1000,10,1e+06,5.32e-07,5e-07,2e-06,1.71854545454545e-07,1.71854545454545e-06,0,0.3,0.033,0,0,1,1,0.0323971508803933,0.0289176071535624,ac3-n6_2025-03-13_17-59-23.761996
Set_9_bigbird_2024-12-26_02-06-11.799146_1.76909090909091e-07_0.5_2_1000_10_4_0_0,1,2024-12-26 03:03:40.868283,25000,1,4,2500,2500,1000,10,1e+06,5.32e-07,5e-07,2e-06,1.76909090909091e-07,1.76909090909091e-06,0,0.3,0.033,0,0,1,1,0.0391889970359042,0.0343632098475999,ac3-n6_2025-03-13_17-57-28.470977
Set_9_bigbird_2024-12-26_02-14-12.171936_1.97127272727273e-07_0.5_2_1000_10_4_0_0,1,2024-12-26 03:15:17.812417,25000,1,4,2500,2500,1000,10,1e+06,5.32e-07,5e-07,2e-06,1.97127272727273e-07,1.97127272727273e-06,0,0.3,0.033,0,0,1,1,0.0392864413298186,0.0345481230431742,ac3-n6_2025-03-13_17-57-34.662019
Set_9_bigbird_2024-12-26_02-36-56.604457_2.17345454545455e-07_0.5_2_1000_10_4_0_0,1,2024-12-26 03:41:46.742033,25000,1,4,2500,2500,1000,10,1e+06,5.32e-07,5e-07,2e-06,2.17345454545455e-07,2.17345454545455e-06,0,0.3,0.033,0,0,1,1,0.0403033984843404,0.0353816889120978,ac3-n6_2025-03-13_17-57-37.088394
Set_9_bigbird_2024-12-26_02-46-41.630248_2.27454545454545e-07_0.5_2_1000_10_4_0_0,1,2024-12-26 03:55:07.334999,25000,1,4,2500,2500,1000,10,1e+06,5.32e-07,5e-07,2e-06,2.27454545454545e-07,2.27454545454545e-06,0,0.3,0.033,0,0,1,1,0.0416625251876231,0.0366206855759657,ac3-n6_2025-03-13_18-00-05.06268
Set_9_bigbird_2024-12-26_02-57-56.595804_2.37563636363636e-07_0.5_2_1000_10_4_0_0,1,2024-12-26 04:08:06.771491,25000,1,4,2500,2500,1000,10,1e+06,5.32e-07,5e-07,2e-06,2.37563636363636e-07,2.37563636363636e-06,0,0.3,0.033,0,0,1,1,0.0481020466093724,0.0427565533006359,ac3-n6_2025-03-13_17-59-39.573101
Set_9_bigbird_2024-12-26_03-06-26.633629_2.47672727272727e-07_0.5_2_1000_10_4_0_0,1,2024-12-26 04:18:20.866921,25000,1,4,2500,2500,1000,10,1e+06,5.32e-07,5e-07,2e-06,2.47672727272727e-07,2.47672727272727e-06,0,0.3,0.033,0,0,1,1,0.0436777501773024,0.038453656403103,ac3-n6_2025-03-13_18-29-25.587042
Set_9_bigbird_2024-12-26_03-10-26.680798_2.57781818181818e-07_0.5_2_1000_10_4_0_0,1,2024-12-26 04:20:38.265239,25000,1,4,2500,2500,1000,10,1e+06,5.32e-07,5e-07,2e-06,2.57781818181818e-07,2.57781818181818e-06,0,0.3,0.033,0,0,1,1,0.050327423453129,0.043875942379865,ac3-n6_2025-03-13_18-32-03.016298
Set_9_bigbird_2024-12-26_03-21-11.655031_2.67890909090909e-07_0.5_2_1000_10_4_0_0,1,2024-12-26 04:37:38.550997,25000,1,4,2500,2500,1000,10,1e+06,5.32e-07,5e-07,2e-06,2.67890909090909e-07,2.67890909090909e-06,0,0.3,0.033,0,0,1,1,0.0557033120760952,0.0493324879494022,ac3-n6_2025-03-13_18-30-47.913496
Set_9_bigbird_2024-12-26_03-45-11.636065_2.83054545454545e-07_0.5_2_1000_10_4_0_0,1,2024-12-26 05:00:39.061181,25000,1,4,2500,2500,1000,10,1e+06,5.32e-07,5e-07,2e-06,2.83054545454545e-07,2.83054545454545e-06,0,0.3,0.033,0,0,1,1,0.0597572629840324,0.0522834032952015,ac3-n6_2025-03-13_18-31-15.443735
Set_9_bigbird_2024-12-26_03-58-11.649392_2.98218181818182e-07_0.5_2_1000_10_4_0_0,1,2024-12-26 05:20:41.396822,25000,1,4,2500,2500,1000,10,1e+06,5.32e-07,5e-07,2e-06,2.98218181818182e-07,2.98218181818182e-06,0,0.3,0.033,0,0,1,1,0.0621044817574382,0.0557905970014406,ac3-n6_2025-03-13_18-32-54.663104
Set_9_bigbird_2024-12-26_04-20-26.581088_3.13381818181818e-07_0.5_2_1000_10_4_0_0,1,2024-12-26 05:47:26.611539,25000,1,4,2500,2500,1000,10,1e+06,5.32e-07,5e-07,2e-06,3.13381818181818e-07,3.13381818181818e-06,0,0.3,0.033,0,0,1,1,0.058147026566975,0.0508033596442858,ac3-n6_2025-03-13_18-41-03.095109
Set_9_bigbird_2024-12-26_04-31-57.010488_3.23490909090909e-07_0.5_2_1000_10_4_0_0,1,2024-12-26 05:57:09.357372,25000,1,4,2500,2500,1000,10,1e+06,5.32e-07,5e-07,2e-06,3.23490909090909e-07,3.23490909090909e-06,0,0.3,0.033,0,0,1,1,0.0678852414721467,0.0596794307871067,ac3-n6_2025-03-13_18-40-56.446402
Set_9_bigbird_2024-12-26_04-39-41.625287_3.336e-07_0.5_2_1000_10_4_0_0,1,2024-12-26 06:13:54.821937,25000,1,4,2500,2500,1000,10,1e+06,5.32e-07,5e-07,2e-06,3.336e-07,3.336e-06,0,0.3,0.033,0,0,1,1,0.0646770084290696,0.0564562116062803,ac3-n6_2025-03-13_18-41-41.55994
Set_9_bigbird_2024-12-26_05-02-56.607507_3.48763636363636e-07_0.5_2_1000_10_4_0_0,1,2024-12-26 06:37:28.512594,25000,1,4,2500,2500,1000,10,1e+06,5.32e-07,5e-07,2e-06,3.48763636363636e-07,3.48763636363636e-06,0,0.3,0.033,0,0,1,1,0.0777590791252972,0.0698705256983538,ac3-n6_2025-03-13_18-50-30.413062
Set_9_bigbird_2024-12-26_05-29-27.02186_3.63927272727273e-07_0.5_2_1000_10_4_0_0,1,2024-12-26 07:07:59.848034,25000,1,4,2500,2500,1000,10,1e+06,5.32e-07,5e-07,2e-06,3.63927272727273e-07,3.63927272727273e-06,0,0.3,0.033,0,0,1,1,0.0692426710429663,0.0605086018898606,ac3-n6_2025-03-13_18-50-33.289688
Set_9_bigbird_2024-12-26_05-53-11.5777_3.79090909090909e-07_0.5_2_1000_10_4_0_0,1,2024-12-26 07:31:32.680937,25000,1,4,2500,2500,1000,10,1e+06,5.32e-07,5e-07,2e-06,3.79090909090909e-07,3.79090909090909e-06,0,0.3,0.033,0,0,1,1,0.0797948719795769,0.0711861222144607,ac3-n6_2025-03-13_18-50-53.122493
Set_9_bigbird_2024-12-26_05-58-56.64661_3.892e-07_0.5_2_1000_10_4_0_0,1,2024-12-26 07:43:46.654505,25000,1,4,2500,2500,1000,10,1e+06,5.32e-07,5e-07,2e-06,3.892e-07,3.892e-06,0,0.3,0.033,0,0,1,1,0.0802180727348498,0.0697191954542995,ac3-n6_2025-03-13_18-50-18.799089
Set_9_bigbird_2024-12-26_06-20-56.615592_4.04363636363636e-07_0.5_2_1000_10_4_0_0,1,2024-12-26 08:09:25.419692,25000,1,4,2500,2500,1000,10,1e+06,5.32e-07,5e-07,2e-06,4.04363636363636e-07,4.04363636363636e-06,0,0.3,0.033,0,0,1,1,0.0780157690132492,0.0671427232449263,ac3-n6_2025-03-13_18-51-28.477096
Set_9_bigbird_2024-12-26_06-37-12.002594_4.09418181818182e-07_0.5_2_1000_10_4_0_0,1,2024-12-26 08:27:43.96751,25000,1,4,2500,2500,1000,10,1e+06,5.32e-07,5e-07,2e-06,4.09418181818182e-07,4.09418181818182e-06,0,0.3,0.033,0,0,1,1,0.0881946216978174,0.0784536890016973,ac3-n6_2025-03-13_18-50-30.597714
Set_9_bigbird_2024-12-26_06-57-27.131495_4.24581818181818e-07_0.5_2_1000_10_4_0_0,1,2024-12-26 08:47:56.31372,25000,1,4,2500,2500,1000,10,1e+06,5.32e-07,5e-07,2e-06,4.24581818181818e-07,4.24581818181818e-06,0,0.3,0.033,0,0,1,1,0.0820945874929503,0.0730485653816012,ac3-n6_2025-03-13_18-50-49.817639
Set_9_bigbird_2024-12-26_07-09-41.65016_4.34690909090909e-07_0.5_2_1000_10_4_0_0,1,2024-12-26 09:05:30.678081,25000,1,4,2500,2500,1000,10,1e+06,5.32e-07,5e-07,2e-06,4.34690909090909e-07,4.34690909090909e-06,0,0.3,0.033,0,0,1,1,0.0802552640894987,0.0690350383684207,ac3-n6_2025-03-13_19-17-31.387661
Set_9_bigbird_2024-12-26_07-45-41.619033_4.54909090909091e-07_0.5_2_1000_10_4_0_0,1,2024-12-26 09:46:40.863046,25000,1,4,2500,2500,1000,10,1e+06,5.32e-07,5e-07,2e-06,4.54909090909091e-07,4.54909090909091e-06,0,0.3,0.033,0,0,1,1,0.0948196129524262,0.0813350498245506,ac3-n6_2025-03-13_19-18-30.226211
Set_9_bigbird_2024-12-26_08-11-11.612246_4.65018181818182e-07_0.5_2_1000_10_4_0_0,1,2024-12-26 10:12:51.60557,25000,1,4,2500,2500,1000,10,1e+06,5.32e-07,5e-07,2e-06,4.65018181818182e-07,4.65018181818182e-06,0,0.3,0.033,0,0,1,1,0.0883829474163062,0.0779479106465769,ac3-n6_2025-03-13_19-17-37.855415
Set_9_bigbird_2024-12-26_08-29-41.594386_4.75127272727273e-07_0.5_2_1000_10_4_0_0,1,2024-12-26 10:38:51.784598,25000,1,4,2500,2500,1000,10,1e+06,5.32e-07,5e-07,2e-06,4.75127272727273e-07,4.75127272727273e-06,0,0.3,0.033,0,0,1,1,0.0863911798130519,0.0738707035715981,ac3-n6_2025-03-13_19-18-07.995806
Set_9_bigbird_2024-12-26_08-46-41.637046_4.85236363636364e-07_0.5_2_1000_10_4_0_0,1,2024-12-26 10:52:26.330096,25000,1,4,2500,2500,1000,10,1e+06,5.32e-07,5e-07,2e-06,4.85236363636364e-07,4.85236363636364e-06,0,0.3,0.033,0,0,1,1,0.096578787206545,0.0855011326080233,ac3-n6_2025-03-13_19-19-32.9396
Set_9_bigbird_2024-12-26_08-54-26.639941_4.95345454545454e-07_0.5_2_1000_10_4_0_0,1,2024-12-26 11:13:37.626009,25000,1,4,2500,2500,1000,10,1e+06,5.32e-07,5e-07,2e-06,4.95345454545454e-07,4.95345454545454e-06,0,0.3,0.033,0,0,1,1,0.0924779146248076,0.0797996058455682,ac3-n6_2025-03-13_19-26-40.33612
Set_9_bigbird_2024-12-26_09-31-27.103756_5.10509090909091e-07_0.5_2_1000_10_4_0_0,1,2024-12-26 11:49:00.742995,25000,1,4,2500,2500,1000,10,1e+06,5.32e-07,5e-07,2e-06,5.10509090909091e-07,5.10509090909091e-06,0,0.3,0.033,0,0,1,1,0.0983541925892862,0.0855399459019107,ac3-n6_2025-03-13_19-29-04.00683
Set_9_bigbird_2024-12-26_10-14-26.617698_5.30727272727273e-07_0.5_2_1000_10_4_0_0,1,2024-12-26 12:36:12.747635,25000,1,4,2500,2500,1000,10,1e+06,5.32e-07,5e-07,2e-06,5.30727272727273e-07,5.30727272727273e-06,0,0.3,0.033,0,0,1,1,0.101245730550055,0.0883472338998029,ac3-n6_2025-03-13_19-29-32.613957
Set_9_bigbird_2024-12-26_10-26-12.01245_5.40836363636364e-07_0.5_2_1000_10_4_0_0,1,2024-12-26 12:44:05.884856,25000,1,4,2500,2500,1000,10,1e+06,5.32e-07,5e-07,2e-06,5.40836363636364e-07,5.40836363636364e-06,0,0.3,0.033,0,0,1,1,0.0936657690178805,0.0825877730583519,ac3-n6_2025-03-13_19-40-03.238612
Set_9_bigbird_2024-12-26_11-08-11.562849_5.56e-07_0.5_2_1000_10_4_0_0,1,2024-12-26 13:32:59.277659,25000,1,4,2500,2500,1000,10,1e+06,5.32e-07,5e-07,2e-06,5.56e-07,5.56e-06,0,0.3,0.033,0,0,1,1,0.11609573988304,0.102934937216377,ac3-n6_2025-03-13_19-43-35.343802
Set_9_bigfoot_2024-12-26_00-57-27.085958_8.59272727272727e-08_0.5_2_1000_10_4_0_0,1,2024-12-26 01:32:23.17973,25000,1,4,2500,2500,1000,10,1e+06,5.32e-07,5e-07,2e-06,8.59272727272727e-08,8.59272727272727e-07,0,0.3,0.033,0,0,1,1,0.018523132946952,0.0164432383703058,ac3-n6_2025-03-13_19-46-21.082196
Set_9_bigfoot_2024-12-26_00-57-27.101601_1.01090909090909e-07_0.5_2_1000_10_4_0_0,1,2024-12-26 01:41:39.722266,25000,1,4,2500,2500,1000,10,1e+06,5.32e-07,5e-07,2e-06,1.01090909090909e-07,1.01090909090909e-06,0,0.3,0.033,0,0,1,1,0.020857176161091,0.0184357136899904,ac3-n6_2025-03-13_19-45-19.237891
Set_9_bigfoot_2024-12-26_02-07-11.627836_1.87018181818182e-07_0.5_2_1000_10_4_0_0,1,2024-12-26 03:05:33.384361,25000,1,4,2500,2500,1000,10,1e+06,5.32e-07,5e-07,2e-06,1.87018181818182e-07,1.87018181818182e-06,0,0.3,0.033,0,0,1,1,0.0346444210187855,0.0302155367694068,ac3-n6_2025-03-13_19-43-39.076813
Set_9_bigfoot_2024-12-26_04-22-41.546935_3.18436363636364e-07_0.5_2_1000_10_4_0_0,1,2024-12-26 05:54:27.058285,25000,1,4,2500,2500,1000,10,1e+06,5.32e-07,5e-07,2e-06,3.18436363636364e-07,3.18436363636364e-06,0,0.3,0.033,0,0,1,1,0.0631977310570385,0.0553432892116367,ac3-n6_2025-03-13_19-42-36.955945
Set_9_biggar_2024-12-26_00-57-26.583939_7.07636363636364e-08_0.5_2_1000_10_4_0_0,1,2024-12-26 01:14:27.809918,25000,1,4,2500,2500,1000,10,1e+06,5.32e-07,5e-07,2e-06,7.07636363636364e-08,7.07636363636364e-07,0,0.3,0.033,0,0,1,1,0.0145230373704922,0.012925273188196,ac3-n6_2025-03-13_19-46-07.760424
Set_9_biggar_2024-12-26_00-57-26.584353_5.56e-08_0.5_2_1000_10_4_0_0,1,2024-12-26 01:13:08.189255,25000,1,4,2500,2500,1000,10,1e+06,5.32e-07,5e-07,2e-06,5.56e-08,5.56e-07,0,0.3,0.033,0,0,1,1,0.0119079814404149,0.0104312430215397,ac3-n6_2025-03-13_20-09-35.036139
Set_9_biggar_2024-12-26_00-57-26.657989_7.58181818181818e-08_0.5_2_1000_10_4_0_0,1,2024-12-26 01:16:28.145333,25000,1,4,2500,2500,1000,10,1e+06,5.32e-07,5e-07,2e-06,7.58181818181818e-08,7.58181818181818e-07,0,0.3,0.033,0,0,1,1,0.0157713008431583,0.0137348170093926,ac3-n6_2025-03-13_20-09-48.935584
Set_9_biggar_2024-12-26_00-57-26.676051_9.60363636363636e-08_0.5_2_1000_10_4_0_0,1,2024-12-26 01:19:57.075985,25000,1,4,2500,2500,1000,10,1e+06,5.32e-07,5e-07,2e-06,9.60363636363636e-08,9.60363636363636e-07,0,0.3,0.033,0,0,1,1,0.0205638161503675,0.0186833165953897,ac3-n6_2025-03-13_20-09-35.264793
Set_9_biggar_2024-12-26_01-00-41.622038_1.06145454545455e-07_0.5_2_1000_10_4_0_0,1,2024-12-26 01:22:17.392582,25000,1,4,2500,2500,1000,10,1e+06,5.32e-07,5e-07,2e-06,1.06145454545455e-07,1.06145454545455e-06,0,0.3,0.033,0,0,1,1,0.0201636224010454,0.0175876788569284,ac3-n6_2025-03-13_20-08-07.422346
Set_9_biggar_2024-12-26_01-17-41.640369_1.21309090909091e-07_0.5_2_1000_10_4_0_0,1,2024-12-26 01:40:18.842606,25000,1,4,2500,2500,1000,10,1e+06,5.32e-07,5e-07,2e-06,1.21309090909091e-07,1.21309090909091e-06,0,0.3,0.033,0,0,1,1,0.023254523880888,0.019963665127099,ac3-n6_2025-03-13_20-09-21.764412
Set_9_biggar_2024-12-26_01-23-56.590872_1.26363636363636e-07_0.5_2_1000_10_4_0_0,1,2024-12-26 01:49:57.941518,25000,1,4,2500,2500,1000,10,1e+06,5.32e-07,5e-07,2e-06,1.26363636363636e-07,1.26363636363636e-06,0,0.3,0.033,0,0,1,1,0.0308162377476141,0.0271779390260063,ac3-n6_2025-03-13_20-13-42.552093
Set_9_biggar_2024-12-26_01-36-26.643016_1.31418181818182e-07_0.5_2_1000_10_4_0_0,1,2024-12-26 02:04:26.546194,25000,1,4,2500,2500,1000,10,1e+06,5.32e-07,5e-07,2e-06,1.31418181818182e-07,1.31418181818182e-06,0,0.3,0.033,0,0,1,1,0.0269814417217821,0.0241005910878232,ac3-n6_2025-03-13_20-17-36.219842
Set_9_biggar_2024-12-26_01-38-11.688685_1.36472727272727e-07_0.5_2_1000_10_4_0_0,1,2024-12-26 02:05:14.071279,25000,1,4,2500,2500,1000,10,1e+06,5.32e-07,5e-07,2e-06,1.36472727272727e-07,1.36472727272727e-06,0,0.3,0.033,0,0,1,1,0.0273813610763204,0.0245421784664787,ac3-n6_2025-03-13_20-17-39.848525
Set_9_biggar_2024-12-26_01-39-56.92755_1.46581818181818e-07_0.5_2_1000_10_4_0_0,1,2024-12-26 02:08:47.909864,25000,1,4,2500,2500,1000,10,1e+06,5.32e-07,5e-07,2e-06,1.46581818181818e-07,1.46581818181818e-06,0,0.3,0.033,0,0,1,1,0.0295662215431765,0.0256055271611617,ac3-n6_2025-03-13_20-26-46.863912
Set_9_biggar_2024-12-26_01-44-41.691182_1.56690909090909e-07_0.5_2_1000_10_4_0_0,1,2024-12-26 02:12:46.720079,25000,1,4,2500,2500,1000,10,1e+06,5.32e-07,5e-07,2e-06,1.56690909090909e-07,1.56690909090909e-06,0,0.3,0.033,0,0,1,1,0.0310617485175296,0.0279174285879997,ac3-n6_2025-03-13_20-30-41.844879
Set_9_biggar_2024-12-26_01-51-26.696146_1.668e-07_0.5_2_1000_10_4_0_0,1,2024-12-26 02:20:39.059398,25000,1,4,2500,2500,1000,10,1e+06,5.32e-07,5e-07,2e-06,1.668e-07,1.668e-06,0,0.3,0.033,0,0,1,1,0.0347459881878732,0.0305856031182979,ac3-n6_2025-03-13_20-31-15.708064
Set_9_biggar_2024-12-26_02-06-27.687134_1.81963636363636e-07_0.5_2_1000_10_4_0_0,1,2024-12-26 02:35:25.935401,25000,1,4,2500,2500,1000,10,1e+06,5.32e-07,5e-07,2e-06,1.81963636363636e-07,1.81963636363636e-06,0,0.3,0.033,0,0,1,1,0.0329425849718727,0.0292244000575241,ac3-n6_2025-03-13_20-31-31.505934
Set_9_biggar_2024-12-26_02-10-26.587742_1.92072727272727e-07_0.5_2_1000_10_4_0_0,1,2024-12-26 02:40:54.188921,25000,1,4,2500,2500,1000,10,1e+06,5.32e-07,5e-07,2e-06,1.92072727272727e-07,1.92072727272727e-06,0,0.3,0.033,0,0,1,1,0.0421239600478178,0.0378254569808405,ac3-n6_2025-03-13_20-33-41.679166
Set_9_biggar_2024-12-26_02-22-11.655192_2.02181818181818e-07_0.5_2_1000_10_4_0_0,1,2024-12-26 02:56:28.450944,25000,1,4,2500,2500,1000,10,1e+06,5.32e-07,5e-07,2e-06,2.02181818181818e-07,2.02181818181818e-06,0,0.3,0.033,0,0,1,1,0.0383661572618783,0.0334508432730678,ac3-n6_2025-03-13_20-33-00.2723
Set_9_biggar_2024-12-26_02-29-26.634609_2.07236363636364e-07_0.5_2_1000_10_4_0_0,1,2024-12-26 03:03:20.322931,25000,1,4,2500,2500,1000,10,1e+06,5.32e-07,5e-07,2e-06,2.07236363636364e-07,2.07236363636364e-06,0,0.3,0.033,0,0,1,1,0.0438742143398762,0.0385111010518749,ac3-n6_2025-03-13_20-34-25.373848
Set_9_biggar_2024-12-26_02-36-11.610399_2.12290909090909e-07_0.5_2_1000_10_4_0_0,1,2024-12-26 03:09:00.571859,25000,1,4,2500,2500,1000,10,1e+06,5.32e-07,5e-07,2e-06,2.12290909090909e-07,2.12290909090909e-06,0,0.3,0.033,0,0,1,1,0.0424426260328902,0.037739417668926,ac3-n6_2025-03-13_20-53-46.252117
Set_9_biggar_2024-12-26_02-42-26.652907_2.224e-07_0.5_2_1000_10_4_0_0,1,2024-12-26 03:19:47.166733,25000,1,4,2500,2500,1000,10,1e+06,5.32e-07,5e-07,2e-06,2.224e-07,2.224e-06,0,0.3,0.033,0,0,1,1,0.0450626641796727,0.0395285369138446,ac3-n6_2025-03-13_20-57-59.877658
Set_9_biggar_2024-12-26_02-54-56.631091_2.32509090909091e-07_0.5_2_1000_10_4_0_0,1,2024-12-26 03:34:14.388164,25000,1,4,2500,2500,1000,10,1e+06,5.32e-07,5e-07,2e-06,2.32509090909091e-07,2.32509090909091e-06,0,0.3,0.033,0,0,1,1,0.0482381890959794,0.0420299882147601,ac3-n6_2025-03-13_20-57-54.826911
Set_9_biggar_2024-12-26_03-04-56.662356_2.42618181818182e-07_0.5_2_1000_10_4_0_0,1,2024-12-26 03:43:45.203914,25000,1,4,2500,2500,1000,10,1e+06,5.32e-07,5e-07,2e-06,2.42618181818182e-07,2.42618181818182e-06,0,0.3,0.033,0,0,1,1,0.0484893960686149,0.0435270037126069,ac3-n6_2025-03-13_20-58-11.437726
Set_9_biggar_2024-12-26_03-07-56.662846_2.52727272727273e-07_0.5_2_1000_10_4_0_0,1,2024-12-26 03:48:45.895346,25000,1,4,2500,2500,1000,10,1e+06,5.32e-07,5e-07,2e-06,2.52727272727273e-07,2.52727272727273e-06,0,0.3,0.033,0,0,1,1,0.0480646457521465,0.0425570666734268,ac3-n6_2025-03-13_20-57-01.81378
Set_9_biggar_2024-12-26_03-17-41.766864_2.62836363636364e-07_0.5_2_1000_10_4_0_0,1,2024-12-26 03:56:48.181336,25000,1,4,2500,2500,1000,10,1e+06,5.32e-07,5e-07,2e-06,2.62836363636364e-07,2.62836363636364e-06,0,0.3,0.033,0,0,1,1,0.0522764218396262,0.046307944909401,ac3-n6_2025-03-13_20-59-18.921411
Set_9_biggar_2024-12-26_03-35-41.657482_2.72945454545455e-07_0.5_2_1000_10_4_0_0,1,2024-12-26 04:19:22.020939,25000,1,4,2500,2500,1000,10,1e+06,5.32e-07,5e-07,2e-06,2.72945454545455e-07,2.72945454545455e-06,0,0.3,0.033,0,0,1,1,0.0530509774864711,0.046629711455724,ac3-n6_2025-03-13_21-05-14.848565
Set_9_biggar_2024-12-26_03-43-41.799191_2.78e-07_0.5_2_1000_10_4_0_0,1,2024-12-26 04:30:41.099838,25000,1,4,2500,2500,1000,10,1e+06,5.32e-07,5e-07,2e-06,2.78e-07,2.78e-06,0,0.3,0.033,0,0,1,1,0.0589019663462225,0.0524008795330295,ac3-n6_2025-03-13_21-05-04.482679
Set_9_biggar_2024-12-26_03-49-56.660731_2.88109090909091e-07_0.5_2_1000_10_4_0_0,1,2024-12-26 04:36:01.442103,25000,1,4,2500,2500,1000,10,1e+06,5.32e-07,5e-07,2e-06,2.88109090909091e-07,2.88109090909091e-06,0,0.3,0.033,0,0,1,1,0.0562046522207574,0.0489165292629967,ac3-n6_2025-03-13_21-11-56.512453
Set_9_biggar_2024-12-26_03-57-11.618519_2.93163636363636e-07_0.5_2_1000_10_4_0_0,1,2024-12-26 04:43:46.755858,25000,1,4,2500,2500,1000,10,1e+06,5.32e-07,5e-07,2e-06,2.93163636363636e-07,2.93163636363636e-06,0,0.3,0.033,0,0,1,1,0.057621535918073,0.051325322330256,ac3-n6_2025-03-13_21-18-16.357511
Set_9_biggar_2024-12-26_04-10-26.623504_3.03272727272727e-07_0.5_2_1000_10_4_0_0,1,2024-12-26 04:57:34.645875,25000,1,4,2500,2500,1000,10,1e+06,5.32e-07,5e-07,2e-06,3.03272727272727e-07,3.03272727272727e-06,0,0.3,0.033,0,0,1,1,0.0669381455931661,0.0587288526414403,ac3-n6_2025-03-13_21-18-19.680569
Set_9_biggar_2024-12-26_04-20-26.653908_3.08327272727273e-07_0.5_2_1000_10_4_0_0,1,2024-12-26 05:07:47.032975,25000,1,4,2500,2500,1000,10,1e+06,5.32e-07,5e-07,2e-06,3.08327272727273e-07,3.08327272727273e-06,0,0.3,0.033,0,0,1,1,0.061126942887212,0.0540662666050481,ac3-n6_2025-03-13_21-18-13.1071
Set_9_biggar_2024-12-26_04-37-11.628523_3.28545454545454e-07_0.5_2_1000_10_4_0_0,1,2024-12-26 05:28:17.120978,25000,1,4,2500,2500,1000,10,1e+06,5.32e-07,5e-07,2e-06,3.28545454545454e-07,3.28545454545454e-06,0,0.3,0.033,0,0,1,1,0.0697892342259671,0.0620373618320859,ac3-n6_2025-03-13_21-20-32.784202
Set_9_biggar_2024-12-26_04-44-56.580339_3.38654545454545e-07_0.5_2_1000_10_4_0_0,1,2024-12-26 05:36:50.34342,25000,1,4,2500,2500,1000,10,1e+06,5.32e-07,5e-07,2e-06,3.38654545454545e-07,3.38654545454545e-06,0,0.3,0.033,0,0,1,1,0.0679618418739912,0.0596455613721882,ac3-n6_2025-03-13_21-20-25.081086
Set_9_biggar_2024-12-26_04-58-56.588263_3.43709090909091e-07_0.5_2_1000_10_4_0_0,1,2024-12-26 05:51:59.333533,25000,1,4,2500,2500,1000,10,1e+06,5.32e-07,5e-07,2e-06,3.43709090909091e-07,3.43709090909091e-06,0,0.3,0.033,0,0,1,1,0.0720983743851234,0.0643777578688427,ac3-n6_2025-03-13_21-19-51.829699
Set_9_biggar_2024-12-26_05-08-56.640761_3.53818181818182e-07_0.5_2_1000_10_4_0_0,1,2024-12-26 06:03:33.18158,25000,1,4,2500,2500,1000,10,1e+06,5.32e-07,5e-07,2e-06,3.53818181818182e-07,3.53818181818182e-06,0,0.3,0.033,0,0,1,1,0.0677664087969086,0.0596590200039189,ac3-n6_2025-03-13_21-38-34.828696
Set_9_biggar_2024-12-26_05-22-41.62014_3.58872727272727e-07_0.5_2_1000_10_4_0_0,1,2024-12-26 06:19:54.436555,25000,1,4,2500,2500,1000,10,1e+06,5.32e-07,5e-07,2e-06,3.58872727272727e-07,3.58872727272727e-06,0,0.3,0.033,0,0,1,1,0.0667718851141779,0.0581107201984573,ac3-n6_2025-03-13_21-41-45.024963
Set_9_biggar_2024-12-26_05-37-56.623924_3.68981818181818e-07_0.5_2_1000_10_4_0_0,1,2024-12-26 06:35:59.414974,25000,1,4,2500,2500,1000,10,1e+06,5.32e-07,5e-07,2e-06,3.68981818181818e-07,3.68981818181818e-06,0,0.3,0.033,0,0,1,1,0.0762407994549377,0.0676674734349704,ac3-n6_2025-03-13_21-43-59.319122
Set_9_biggar_2024-12-26_05-49-11.655082_3.74036363636364e-07_0.5_2_1000_10_4_0_0,1,2024-12-26 06:49:22.793698,25000,1,4,2500,2500,1000,10,1e+06,5.32e-07,5e-07,2e-06,3.74036363636364e-07,3.74036363636364e-06,0,0.3,0.033,0,0,1,1,0.06942372503336,0.0604880567951203,ac3-n6_2025-03-13_21-45-44.79624
Set_9_biggar_2024-12-26_05-56-26.669686_3.84145454545454e-07_0.5_2_1000_10_4_0_0,1,2024-12-26 06:56:19.592242,25000,1,4,2500,2500,1000,10,1e+06,5.32e-07,5e-07,2e-06,3.84145454545454e-07,3.84145454545454e-06,0,0.3,0.033,0,0,1,1,0.0756240156199334,0.0666246782051185,ac3-n6_2025-03-13_21-44-29.045872
Set_9_biggar_2024-12-26_06-04-41.646399_3.94254545454545e-07_0.5_2_1000_10_4_0_0,1,2024-12-26 07:07:55.023403,25000,1,4,2500,2500,1000,10,1e+06,5.32e-07,5e-07,2e-06,3.94254545454545e-07,3.94254545454545e-06,0,0.3,0.033,0,0,1,1,0.0824907600780258,0.0718571557530228,ac3-n6_2025-03-13_21-44-34.669196
Set_9_biggar_2024-12-26_06-15-41.641936_3.99309090909091e-07_0.5_2_1000_10_4_0_0,1,2024-12-26 07:19:56.340328,25000,1,4,2500,2500,1000,10,1e+06,5.32e-07,5e-07,2e-06,3.99309090909091e-07,3.99309090909091e-06,0,0.3,0.033,0,0,1,1,0.084521291668747,0.0753999503044125,ac3-n6_2025-03-13_21-51-17.44642
Set_9_biggar_2024-12-26_06-39-26.658392_4.14472727272727e-07_0.5_2_1000_10_4_0_0,1,2024-12-26 07:44:40.683908,25000,1,4,2500,2500,1000,10,1e+06,5.32e-07,5e-07,2e-06,4.14472727272727e-07,4.14472727272727e-06,0,0.3,0.033,0,0,1,1,0.0763946767394818,0.0663445722204992,ac3-n6_2025-03-13_21-51-53.402476
Set_9_biggar_2024-12-26_06-50-26.662717_4.19527272727273e-07_0.5_2_1000_10_4_0_0,1,2024-12-26 07:54:21.440848,25000,1,4,2500,2500,1000,10,1e+06,5.32e-07,5e-07,2e-06,4.19527272727273e-07,4.19527272727273e-06,0,0.3,0.033,0,0,1,1,0.0874602941893077,0.0769186825257354,ac3-n6_2025-03-13_21-56-24.658325
Set_9_biggar_2024-12-26_07-08-56.685046_4.29636363636364e-07_0.5_2_1000_10_4_0_0,1,2024-12-26 08:15:36.11938,25000,1,4,2500,2500,1000,10,1e+06,5.32e-07,5e-07,2e-06,4.29636363636364e-07,4.29636363636364e-06,0,0.3,0.033,0,0,1,1,0.0891022400623697,0.0779034857346372,ac3-n6_2025-03-13_22-04-39.590261
Set_9_biggar_2024-12-26_07-21-11.650597_4.39745454545454e-07_0.5_2_1000_10_4_0_0,1,2024-12-26 08:30:43.815722,25000,1,4,2500,2500,1000,10,1e+06,5.32e-07,5e-07,2e-06,4.39745454545454e-07,4.39745454545454e-06,0,0.3,0.033,0,0,1,1,0.0835109261459273,0.0733021838442409,ac3-n6_2025-03-13_22-04-57.721981
Set_9_biggar_2024-12-26_07-33-26.631908_4.448e-07_0.5_2_1000_10_4_0_0,1,2024-12-26 08:45:27.981515,25000,1,4,2500,2500,1000,10,1e+06,5.32e-07,5e-07,2e-06,4.448e-07,4.448e-06,0,0.3,0.033,0,0,1,1,0.0898196899868123,0.0780250293024254,ac3-n6_2025-03-13_22-04-19.150122
Set_9_biggar_2024-12-26_07-45-41.667185_4.49854545454545e-07_0.5_2_1000_10_4_0_0,1,2024-12-26 08:53:19.446856,25000,1,4,2500,2500,1000,10,1e+06,5.32e-07,5e-07,2e-06,4.49854545454545e-07,4.49854545454545e-06,0,0.3,0.033,0,0,1,1,0.0916797126885417,0.0809930122820753,ac3-n6_2025-03-13_22-05-26.103542
Set_9_biggar_2024-12-26_07-55-26.6559_4.59963636363636e-07_0.5_2_1000_10_4_0_0,1,2024-12-26 09:04:07.364201,25000,1,4,2500,2500,1000,10,1e+06,5.32e-07,5e-07,2e-06,4.59963636363636e-07,4.59963636363636e-06,0,0.3,0.033,0,0,1,1,0.0727404475892521,0.0620566758667448,ac3-n6_2025-03-13_22-06-28.59041
Set_9_biggar_2024-12-26_08-16-41.652322_4.70072727272727e-07_0.5_2_1000_10_4_0_0,1,2024-12-26 09:30:21.086415,25000,1,4,2500,2500,1000,10,1e+06,5.32e-07,5e-07,2e-06,4.70072727272727e-07,4.70072727272727e-06,0,0.3,0.033,0,0,1,1,0.0920945404757459,0.0808992630321107,ac3-n6_2025-03-13_22-06-26.709949
Set_9_biggar_2024-12-26_08-31-41.680505_4.80181818181818e-07_0.5_2_1000_10_4_0_0,1,2024-12-26 09:45:40.992766,25000,1,4,2500,2500,1000,10,1e+06,5.32e-07,5e-07,2e-06,4.80181818181818e-07,4.80181818181818e-06,0,0.3,0.033,0,0,1,1,0.0948814144153713,0.0831401069889062,ac3-n6_2025-03-13_22-22-54.510492
Set_9_biggar_2024-12-26_08-49-41.661747_4.90290909090909e-07_0.5_2_1000_10_4_0_0,1,2024-12-26 10:03:15.131628,25000,1,4,2500,2500,1000,10,1e+06,5.32e-07,5e-07,2e-06,4.90290909090909e-07,4.90290909090909e-06,0,0.3,0.033,0,0,1,1,0.0900799270882299,0.0793822207593928,ac3-n6_2025-03-13_22-26-49.785438
Set_9_biggar_2024-12-26_09-04-56.642274_5.004e-07_0.5_2_1000_10_4_0_0,1,2024-12-26 10:20:11.121328,25000,1,4,2500,2500,1000,10,1e+06,5.32e-07,5e-07,2e-06,5.004e-07,5.004e-06,0,0.3,0.033,0,0,1,1,0.111061729927533,0.09882287368141,ac3-n6_2025-03-13_22-29-35.69982
Set_9_biggar_2024-12-26_09-07-11.629438_5.05454545454545e-07_0.5_2_1000_10_4_0_0,1,2024-12-26 10:25:05.141502,25000,1,4,2500,2500,1000,10,1e+06,5.32e-07,5e-07,2e-06,5.05454545454545e-07,5.05454545454545e-06,0,0.3,0.033,0,0,1,1,0.103921463358246,0.0915214682694947,ac3-n6_2025-03-13_22-30-10.87613
Set_9_biggar_2024-12-26_09-46-41.603156_5.15563636363636e-07_0.5_2_1000_10_4_0_0,1,2024-12-26 11:07:10.907216,25000,1,4,2500,2500,1000,10,1e+06,5.32e-07,5e-07,2e-06,5.15563636363636e-07,5.15563636363636e-06,0,0.3,0.033,0,0,1,1,0.103637079806913,0.0912987127657948,ac3-n6_2025-03-13_22-30-13.201075
Set_9_biggar_2024-12-26_09-48-26.640349_5.20618181818182e-07_0.5_2_1000_10_4_0_0,1,2024-12-26 11:08:28.60437,25000,1,4,2500,2500,1000,10,1e+06,5.32e-07,5e-07,2e-06,5.20618181818182e-07,5.20618181818182e-06,0,0.3,0.033,0,0,1,1,0.0941832983221451,0.0815838215988769,ac3-n6_2025-03-13_22-30-35.798538
Set_9_biggar_2024-12-26_10-04-11.652055_5.25672727272727e-07_0.5_2_1000_10_4_0_0,1,2024-12-26 11:24:31.242226,25000,1,4,2500,2500,1000,10,1e+06,5.32e-07,5e-07,2e-06,5.25672727272727e-07,5.25672727272727e-06,0,0.3,0.033,0,0,1,1,0.102085874888565,0.0892236583730247,ac3-n6_2025-03-13_22-36-57.480694
Set_9_biggar_2024-12-26_10-21-11.644936_5.35781818181818e-07_0.5_2_1000_10_4_0_0,1,2024-12-26 11:39:33.295655,25000,1,4,2500,2500,1000,10,1e+06,5.32e-07,5e-07,2e-06,5.35781818181818e-07,5.35781818181818e-06,0,0.3,0.033,0,0,1,1,0.100309241742608,0.0863869418067092,ac3-n6_2025-03-13_22-38-55.10793
Set_9_biggar_2024-12-26_10-40-26.651762_5.45890909090909e-07_0.5_2_1000_10_4_0_0,1,2024-12-26 11:59:46.654585,25000,1,4,2500,2500,1000,10,1e+06,5.32e-07,5e-07,2e-06,5.45890909090909e-07,5.45890909090909e-06,0,0.3,0.033,0,0,1,1,0.111385517789669,0.0982692064042255,ac3-n6_2025-03-13_22-41-10.095792
Set_9_biggar_2024-12-26_10-53-56.658492_5.50945454545455e-07_0.5_2_1000_10_4_0_0,1,2024-12-26 12:10:55.19012,25000,1,4,2500,2500,1000,10,1e+06,5.32e-07,5e-07,2e-06,5.50945454545455e-07,5.50945454545455e-06,0,0.3,0.033,0,0,1,1,0.101686099271039,0.0882908735176087,ac3-n6_2025-03-13_22-50-20.237975
Set_N1a_bigbird_2025-02-08_23-43-19.366436_4.58181818181818e-08_0.5_2_1000_10_4_0_0,1,2025-02-09 00:10:03.130253,25000,1,4,2500,2500,1000,10,1e+06,5.32e-07,5e-07,2e-06,4.58181818181818e-08,4.58181818181818e-07,0,0.3,0.045,0,0,1,1,0.0140211495211859,0.0115590131489178,ac3-n6_2025-03-13_22-58-56.563752
Set_N1a_bigbird_2025-02-08_23-43-19.367592_3.6e-08_0.5_2_1000_10_4_0_0,1,2025-02-09 00:05:59.360841,25000,1,4,2500,2500,1000,10,1e+06,5.32e-07,5e-07,2e-06,3.6e-08,3.6e-07,0,0.3,0.045,0,0,1,1,0.0102440240265373,0.00841874364822938,ac3-n6_2025-03-13_23-01-51.692353
Set_N1a_bigbird_2025-02-08_23-43-19.369347_5.56363636363636e-08_0.5_2_1000_10_4_0_0,1,2025-02-09 00:12:35.811659,25000,1,4,2500,2500,1000,10,1e+06,5.32e-07,5e-07,2e-06,5.56363636363636e-08,5.56363636363636e-07,0,0.3,0.045,0,0,1,1,0.0161057564213135,0.0135166292835502,ac3-n6_2025-03-13_22-58-22.107351
Set_N1a_bigbird_2025-02-08_23-58-18.612501_6.87272727272727e-08_0.5_2_1000_10_4_0_0,1,2025-02-09 00:28:31.356517,25000,1,4,2500,2500,1000,10,1e+06,5.32e-07,5e-07,2e-06,6.87272727272727e-08,6.87272727272727e-07,0,0.3,0.045,0,0,1,1,0.0199845840258581,0.0171334890066843,ac3-n6_2025-03-13_23-01-03.825467
Set_N1a_bigbird_2025-02-09_00-15-03.581348_8.18181818181818e-08_0.5_2_1000_10_4_0_0,1,2025-02-09 00:48:43.78523,25000,1,4,2500,2500,1000,10,1e+06,5.32e-07,5e-07,2e-06,8.18181818181818e-08,8.18181818181818e-07,0,0.3,0.045,0,0,1,1,0.0231359348916219,0.0197766018109846,ac3-n6_2025-03-13_22-59-29.063594
Set_N1a_bigbird_2025-02-09_00-16-03.60207_9.16363636363636e-08_0.5_2_1000_10_4_0_0,1,2025-02-09 00:49:10.208584,25000,1,4,2500,2500,1000,10,1e+06,5.32e-07,5e-07,2e-06,9.16363636363636e-08,9.16363636363636e-07,0,0.3,0.045,0,0,1,1,0.0251012320173752,0.0206512413860738,ac3-n6_2025-03-13_23-14-06.057486
Set_N1a_bigbird_2025-02-09_00-18-18.606284_1.01454545454545e-07_0.5_2_1000_10_4_0_0,1,2025-02-09 00:57:32.426933,25000,1,4,2500,2500,1000,10,1e+06,5.32e-07,5e-07,2e-06,1.01454545454545e-07,1.01454545454545e-06,0,0.3,0.045,0,0,1,1,0.0300212105922568,0.0259987294196284,ac3-n6_2025-03-13_23-16-56.118021
Set_N1a_bigbird_2025-02-09_00-33-33.631099_1.11272727272727e-07_0.5_2_1000_10_4_0_0,1,2025-02-09 01:14:33.860445,25000,1,4,2500,2500,1000,10,1e+06,5.32e-07,5e-07,2e-06,1.11272727272727e-07,1.11272727272727e-06,0,0.3,0.045,0,0,1,1,0.0295208354007108,0.025427236825751,ac3-n6_2025-03-13_23-20-51.166149
Set_N1a_bigbird_2025-02-09_00-52-33.724987_1.24363636363636e-07_0.5_2_1000_10_4_0_0,1,2025-02-09 01:37:28.320364,25000,1,4,2500,2500,1000,10,1e+06,5.32e-07,5e-07,2e-06,1.24363636363636e-07,1.24363636363636e-06,0,0.3,0.045,0,0,1,1,0.0341353390801687,0.0286709361156588,ac3-n6_2025-03-13_23-21-29.792822
Set_N1a_bigbird_2025-02-09_00-55-04.134151_1.34181818181818e-07_0.5_2_1000_10_4_0_0,1,2025-02-09 01:39:53.364432,25000,1,4,2500,2500,1000,10,1e+06,5.32e-07,5e-07,2e-06,1.34181818181818e-07,1.34181818181818e-06,0,0.3,0.045,0,0,1,1,0.0384091089531756,0.032570544481092,ac3-n6_2025-03-13_23-21-25.144774
Set_N1a_bigbird_2025-02-09_01-01-03.613664_1.40727272727273e-07_0.5_2_1000_10_4_0_0,1,2025-02-09 01:47:44.013754,25000,1,4,2500,2500,1000,10,1e+06,5.32e-07,5e-07,2e-06,1.40727272727273e-07,1.40727272727273e-06,0,0.3,0.045,0,0,1,1,0.0388203109791265,0.0326156687599951,ac3-n6_2025-03-13_23-23-06.428811
Set_N1a_bigbird_2025-02-09_01-17-33.623711_1.50545454545455e-07_0.5_2_1000_10_4_0_0,1,2025-02-09 02:11:09.35533,25000,1,4,2500,2500,1000,10,1e+06,5.32e-07,5e-07,2e-06,1.50545454545455e-07,1.50545454545455e-06,0,0.3,0.045,0,0,1,1,0.0431017864692018,0.035989026277069,ac3-n6_2025-03-13_23-28-03.363357
Set_N1a_bigbird_2025-02-09_01-40-18.615464_1.66909090909091e-07_0.5_2_1000_10_4_0_0,1,2025-02-09 02:29:52.512841,25000,1,4,2500,2500,1000,10,1e+06,5.32e-07,5e-07,2e-06,1.66909090909091e-07,1.66909090909091e-06,0,0.3,0.045,0,0,1,1,0.046950054979945,0.0398759458572468,ac3-n6_2025-03-13_23-30-36.680821
Set_N1a_bigbird_2025-02-09_01-44-48.68145_1.73454545454545e-07_0.5_2_1000_10_4_0_0,1,2025-02-09 02:35:36.197118,25000,1,4,2500,2500,1000,10,1e+06,5.32e-07,5e-07,2e-06,1.73454545454545e-07,1.73454545454545e-06,0,0.3,0.045,0,0,1,1,0.0490953480509968,0.0417564148455667,ac3-n6_2025-03-13_23-30-38.47659
Set_N1a_bigbird_2025-02-09_01-50-48.641075_1.83272727272727e-07_0.5_2_1000_10_4_0_0,1,2025-02-09 02:50:45.113788,25000,1,4,2500,2500,1000,10,1e+06,5.32e-07,5e-07,2e-06,1.83272727272727e-07,1.83272727272727e-06,0,0.3,0.045,0,0,1,1,0.0486012089173717,0.0411966042330899,ac3-n6_2025-03-13_23-39-23.569637
Set_N1a_bigbird_2025-02-09_02-13-48.633609_1.96363636363636e-07_0.5_2_1000_10_4_0_0,1,2025-02-09 03:16:39.88525,25000,1,4,2500,2500,1000,10,1e+06,5.32e-07,5e-07,2e-06,1.96363636363636e-07,1.96363636363636e-06,0,0.3,0.045,0,0,1,1,0.0541527286919295,0.0456422299595442,ac3-n6_2025-03-13_23-47-37.034477
Set_N1a_bigbird_2025-02-09_02-36-03.6127_2.09454545454545e-07_0.5_2_1000_10_4_0_0,1,2025-02-09 03:32:38.419408,25000,1,4,2500,2500,1000,10,1e+06,5.32e-07,5e-07,2e-06,2.09454545454545e-07,2.09454545454545e-06,0,0.3,0.045,0,0,1,1,0.0562523251311648,0.0466551613872744,ac3-n6_2025-03-13_23-48-34.099602
Set_N1a_bigbird_2025-02-09_02-42-48.628626_2.19272727272727e-07_0.5_2_1000_10_4_0_0,1,2025-02-09 03:43:09.648002,25000,1,4,2500,2500,1000,10,1e+06,5.32e-07,5e-07,2e-06,2.19272727272727e-07,2.19272727272727e-06,0,0.3,0.045,0,0,1,1,0.0594463996704589,0.0490761128065696,ac3-n6_2025-03-13_23-49-01.716455
Set_N1a_bigbird_2025-02-09_02-53-18.601041_2.25818181818182e-07_0.5_2_1000_10_4_0_0,1,2025-02-09 03:59:09.090215,25000,1,4,2500,2500,1000,10,1e+06,5.32e-07,5e-07,2e-06,2.25818181818182e-07,2.25818181818182e-06,0,0.3,0.045,0,0,1,1,0.0629615487702748,0.051837678399352,ac3-n6_2025-03-13_23-51-37.144077
Set_N1a_bigbird_2025-02-09_03-19-03.63834_2.42181818181818e-07_0.5_2_1000_10_4_0_0,1,2025-02-09 04:25:34.196354,25000,1,4,2500,2500,1000,10,1e+06,5.32e-07,5e-07,2e-06,2.42181818181818e-07,2.42181818181818e-06,0,0.3,0.045,0,0,1,1,0.0686570900635811,0.0589904379716464,ac3-n6_2025-03-13_23-51-34.289766
Set_N1a_bigbird_2025-02-09_03-34-48.642975_2.48727272727273e-07_0.5_2_1000_10_4_0_0,1,2025-02-09 04:45:09.21329,25000,1,4,2500,2500,1000,10,1e+06,5.32e-07,5e-07,2e-06,2.48727272727273e-07,2.48727272727273e-06,0,0.3,0.045,0,0,1,1,0.0696330420091174,0.0589676263410864,ac3-n6_2025-03-14_00-03-22.32579
Set_N1a_bigbird_2025-02-09_03-45-33.616597_2.58545454545455e-07_0.5_2_1000_10_4_0_0,1,2025-02-09 05:01:51.635597,25000,1,4,2500,2500,1000,10,1e+06,5.32e-07,5e-07,2e-06,2.58545454545455e-07,2.58545454545455e-06,0,0.3,0.045,0,0,1,1,0.080120904842185,0.0672657301755883,ac3-n6_2025-03-14_00-06-11.693716
Set_N1a_bigbird_2025-02-09_04-01-18.638342_2.68363636363636e-07_0.5_2_1000_10_4_0_0,1,2025-02-09 05:14:10.39316,25000,1,4,2500,2500,1000,10,1e+06,5.32e-07,5e-07,2e-06,2.68363636363636e-07,2.68363636363636e-06,0,0.3,0.045,0,0,1,1,0.0741112348189905,0.0631127768517622,ac3-n6_2025-03-14_00-10-55.389018
Set_N1a_bigbird_2025-02-09_04-27-50.612978_2.81454545454545e-07_0.5_2_1000_10_4_0_0,1,2025-02-09 05:37:03.633466,25000,1,4,2500,2500,1000,10,1e+06,5.32e-07,5e-07,2e-06,2.81454545454545e-07,2.81454545454545e-06,0,0.3,0.045,0,0,1,1,0.0840194903646704,0.0714260306152846,ac3-n6_2025-03-14_00-11-15.493008
Set_N1a_bigbird_2025-02-09_04-47-05.641625_2.91272727272727e-07_0.5_2_1000_10_4_0_0,1,2025-02-09 06:00:05.369801,25000,1,4,2500,2500,1000,10,1e+06,5.32e-07,5e-07,2e-06,2.91272727272727e-07,2.91272727272727e-06,0,0.3,0.045,0,0,1,1,0.0778208757126816,0.0662909964346593,ac3-n6_2025-03-14_00-12-38.846859
Set_N1a_bigbird_2025-02-09_05-04-05.649398_3.01090909090909e-07_0.5_2_1000_10_4_0_0,1,2025-02-09 06:29:31.468615,25000,1,4,2500,2500,1000,10,1e+06,5.32e-07,5e-07,2e-06,3.01090909090909e-07,3.01090909090909e-06,0,0.3,0.045,0,0,1,1,0.0872833427656147,0.0755314909666125,ac3-n6_2025-03-14_00-13-19.080887
Set_N1a_bigbird_2025-02-09_05-16-05.600636_3.07636363636364e-07_0.5_2_1000_10_4_0_0,1,2025-02-09 06:27:59.421293,25000,1,4,2500,2500,1000,10,1e+06,5.32e-07,5e-07,2e-06,3.07636363636364e-07,3.07636363636364e-06,0,0.3,0.045,0,0,1,1,0.0851983390961684,0.0708003098181977,ac3-n6_2025-03-14_00-17-53.686069
Set_N1a_bigbird_2025-02-09_05-39-05.581758_3.20727272727273e-07_0.5_2_1000_10_4_0_0,1,2025-02-09 07:08:25.340097,25000,1,4,2500,2500,1000,10,1e+06,5.32e-07,5e-07,2e-06,3.20727272727273e-07,3.20727272727273e-06,0,0.3,0.045,0,0,1,1,0.0821313249058736,0.0680896447385568,ac3-n6_2025-03-14_00-21-20.667387
Set_N1a_bigbird_2025-02-09_06-01-50.633921_3.30545454545455e-07_0.5_2_1000_10_4_0_0,1,2025-02-09 07:34:49.425359,25000,1,4,2500,2500,1000,10,1e+06,5.32e-07,5e-07,2e-06,3.30545454545455e-07,3.30545454545455e-06,0,0.3,0.045,0,0,1,1,0.0925287252605387,0.0777753971235801,ac3-n6_2025-03-14_00-20-28.545516
Set_N1a_bigbird_2025-02-09_06-29-50.600234_3.43636363636364e-07_0.5_2_1000_10_4_0_0,1,2025-02-09 07:48:55.649619,25000,1,4,2500,2500,1000,10,1e+06,5.32e-07,5e-07,2e-06,3.43636363636364e-07,3.43636363636364e-06,0,0.3,0.045,0,0,1,1,0.105904866637646,0.0881933676396292,ac3-n6_2025-03-14_00-28-54.742059
Set_N1a_bigbird_2025-02-09_06-38-35.598218_3.53454545454545e-07_0.5_2_1000_10_4_0_0,1,2025-02-09 08:11:01.89155,25000,1,4,2500,2500,1000,10,1e+06,5.32e-07,5e-07,2e-06,3.53454545454545e-07,3.53454545454545e-06,0,0.3,0.045,0,0,1,1,0.098871323211499,0.0832260780850875,ac3-n6_2025-03-14_00-37-17.311789
Set_N1a_bigfoot_2025-02-08_23-43-19.881119_4.25454545454545e-08_0.5_2_1000_10_4_0_0,1,2025-02-09 00:09:43.327454,25000,1,4,2500,2500,1000,10,1e+06,5.32e-07,5e-07,2e-06,4.25454545454545e-08,4.25454545454545e-07,0,0.3,0.045,0,0,1,1,0.0110155738264879,0.00910016107657644,ac3-n6_2025-03-14_00-43-51.040775
Set_N1a_bigfoot_2025-02-08_23-43-19.881322_6.54545454545455e-08_0.5_2_1000_10_4_0_0,1,2025-02-09 00:13:58.388806,25000,1,4,2500,2500,1000,10,1e+06,5.32e-07,5e-07,2e-06,6.54545454545455e-08,6.54545454545455e-07,0,0.3,0.045,0,0,1,1,0.0183492249753078,0.0152499637218822,ac3-n6_2025-03-14_00-41-44.975733
Set_N1a_bigfoot_2025-02-08_23-43-19.882272_5.23636363636364e-08_0.5_2_1000_10_4_0_0,1,2025-02-09 00:10:17.846829,25000,1,4,2500,2500,1000,10,1e+06,5.32e-07,5e-07,2e-06,5.23636363636364e-08,5.23636363636364e-07,0,0.3,0.045,0,0,1,1,0.0149465319711786,0.0126294010254868,ac3-n6_2025-03-14_00-45-25.006181
Set_N1a_bigfoot_2025-02-09_00-16-03.56945_8.83636363636364e-08_0.5_2_1000_10_4_0_0,1,2025-02-09 00:48:38.797161,25000,1,4,2500,2500,1000,10,1e+06,5.32e-07,5e-07,2e-06,8.83636363636364e-08,8.83636363636364e-07,0,0.3,0.045,0,0,1,1,0.0258073393255748,0.0219811053817993,ac3-n6_2025-03-14_00-44-09.617828
Set_N1a_bigfoot_2025-02-09_00-19-03.553017_1.04727272727273e-07_0.5_2_1000_10_4_0_0,1,2025-02-09 00:57:35.125888,25000,1,4,2500,2500,1000,10,1e+06,5.32e-07,5e-07,2e-06,1.04727272727273e-07,1.04727272727273e-06,0,0.3,0.045,0,0,1,1,0.0295372227676455,0.0247506208076531,ac3-n6_2025-03-14_00-55-02.49129
Set_N1a_bigfoot_2025-02-09_00-33-48.546897_1.14545454545455e-07_0.5_2_1000_10_4_0_0,1,2025-02-09 01:13:28.003428,25000,1,4,2500,2500,1000,10,1e+06,5.32e-07,5e-07,2e-06,1.14545454545455e-07,1.14545454545455e-06,0,0.3,0.045,0,0,1,1,0.0322806533498752,0.0278650309592588,ac3-n6_2025-03-14_00-56-43.535957
Set_N1a_bigfoot_2025-02-09_00-52-48.584827_1.27636363636364e-07_0.5_2_1000_10_4_0_0,1,2025-02-09 01:36:53.226722,25000,1,4,2500,2500,1000,10,1e+06,5.32e-07,5e-07,2e-06,1.27636363636364e-07,1.27636363636364e-06,0,0.3,0.045,0,0,1,1,0.0374873303806664,0.0312405744176457,ac3-n6_2025-03-14_01-02-17.681111
Set_N1a_bigfoot_2025-02-09_01-01-18.594568_1.44e-07_0.5_2_1000_10_4_0_0,1,2025-02-09 01:47:03.971697,25000,1,4,2500,2500,1000,10,1e+06,5.32e-07,5e-07,2e-06,1.44e-07,1.44e-06,0,0.3,0.045,0,0,1,1,0.0417100060367704,0.0354517761702714,ac3-n6_2025-03-14_01-02-18.577487
Set_N1a_bigfoot_2025-02-09_01-17-33.570271_1.53818181818182e-07_0.5_2_1000_10_4_0_0,1,2025-02-09 02:06:44.5196,25000,1,4,2500,2500,1000,10,1e+06,5.32e-07,5e-07,2e-06,1.53818181818182e-07,1.53818181818182e-06,0,0.3,0.045,0,0,1,1,0.0400647551720172,0.0330739125836572,ac3-n6_2025-03-14_01-03-33.348877
Set_N1a_bigfoot_2025-02-09_01-43-03.563468_1.70181818181818e-07_0.5_2_1000_10_4_0_0,1,2025-02-09 02:33:35.685475,25000,1,4,2500,2500,1000,10,1e+06,5.32e-07,5e-07,2e-06,1.70181818181818e-07,1.70181818181818e-06,0,0.3,0.045,0,0,1,1,0.0493269037173816,0.0425132332125397,ac3-n6_2025-03-14_01-04-30.240739
Set_N1a_bigfoot_2025-02-09_01-50-18.593404_1.8e-07_0.5_2_1000_10_4_0_0,1,2025-02-09 02:40:36.29375,25000,1,4,2500,2500,1000,10,1e+06,5.32e-07,5e-07,2e-06,1.8e-07,1.8e-06,0,0.3,0.045,0,0,1,1,0.0494100032684553,0.0412788276808125,ac3-n6_2025-03-14_01-08-10.543055
Set_N1a_bigfoot_2025-02-09_02-09-48.559444_1.93090909090909e-07_0.5_2_1000_10_4_0_0,1,2025-02-09 03:04:36.735955,25000,1,4,2500,2500,1000,10,1e+06,5.32e-07,5e-07,2e-06,1.93090909090909e-07,1.93090909090909e-06,0,0.3,0.045,0,0,1,1,0.0532363606909956,0.0453777917336082,ac3-n6_2025-03-14_01-11-20.228086
Set_N1a_bigfoot_2025-02-09_02-38-03.558205_2.12727272727273e-07_0.5_2_1000_10_4_0_0,1,2025-02-09 03:40:29.62497,25000,1,4,2500,2500,1000,10,1e+06,5.32e-07,5e-07,2e-06,2.12727272727273e-07,2.12727272727273e-06,0,0.3,0.045,0,0,1,1,0.0585864938403565,0.0488410716144578,ac3-n6_2025-03-14_01-12-16.566438
Set_N1a_bigfoot_2025-02-09_02-55-33.56351_2.29090909090909e-07_0.5_2_1000_10_4_0_0,1,2025-02-09 03:58:14.147682,25000,1,4,2500,2500,1000,10,1e+06,5.32e-07,5e-07,2e-06,2.29090909090909e-07,2.29090909090909e-06,0,0.3,0.045,0,0,1,1,0.0618608597744281,0.0527825086317348,ac3-n6_2025-03-14_01-18-18.225946
Set_N1a_bigfoot_2025-02-09_03-07-18.584889_2.35636363636364e-07_0.5_2_1000_10_4_0_0,1,2025-02-09 04:11:28.112753,25000,1,4,2500,2500,1000,10,1e+06,5.32e-07,5e-07,2e-06,2.35636363636364e-07,2.35636363636364e-06,0,0.3,0.045,0,0,1,1,0.0644583427904754,0.0539542620018183,ac3-n6_2025-03-14_01-27-20.1258
Set_N1a_bigfoot_2025-02-09_03-42-48.585547_2.55272727272727e-07_0.5_2_1000_10_4_0_0,1,2025-02-09 04:48:29.88608,25000,1,4,2500,2500,1000,10,1e+06,5.32e-07,5e-07,2e-06,2.55272727272727e-07,2.55272727272727e-06,0,0.3,0.045,0,0,1,1,0.0649079981178682,0.0552927368633106,ac3-n6_2025-03-14_01-29-58.801312
Set_N1a_bigfoot_2025-02-09_04-04-03.559718_2.71636363636364e-07_0.5_2_1000_10_4_0_0,1,2025-02-09 05:17:30.126754,25000,1,4,2500,2500,1000,10,1e+06,5.32e-07,5e-07,2e-06,2.71636363636364e-07,2.71636363636364e-06,0,0.3,0.045,0,0,1,1,0.0811869981479448,0.0676813594271464,ac3-n6_2025-03-14_01-33-27.02632
Set_N1a_bigfoot_2025-02-09_04-50-20.580041_2.94545454545455e-07_0.5_2_1000_10_4_0_0,1,2025-02-09 06:02:22.909855,25000,1,4,2500,2500,1000,10,1e+06,5.32e-07,5e-07,2e-06,2.94545454545455e-07,2.94545454545455e-06,0,0.3,0.045,0,0,1,1,0.0781661953700426,0.0650849872531126,ac3-n6_2025-03-14_01-32-59.926106
Set_N1a_bigfoot_2025-02-09_05-19-35.583117_3.14181818181818e-07_0.5_2_1000_10_4_0_0,1,2025-02-09 06:36:41.40897,25000,1,4,2500,2500,1000,10,1e+06,5.32e-07,5e-07,2e-06,3.14181818181818e-07,3.14181818181818e-06,0,0.3,0.045,0,0,1,1,0.0817861825841751,0.0688482407576888,ac3-n6_2025-03-14_01-34-46.825367
Set_N1a_bigfoot_2025-02-09_06-04-05.594256_3.33818181818182e-07_0.5_2_1000_10_4_0_0,1,2025-02-09 07:22:14.269087,25000,1,4,2500,2500,1000,10,1e+06,5.32e-07,5e-07,2e-06,3.33818181818182e-07,3.33818181818182e-06,0,0.3,0.045,0,0,1,1,0.0861831358672708,0.0731008222216817,ac3-n6_2025-03-14_01-43-57.464614
Set_N1a_bigfoot_2025-02-09_06-12-35.565398_3.40363636363636e-07_0.5_2_1000_10_4_0_0,1,2025-02-09 07:35:26.605849,25000,1,4,2500,2500,1000,10,1e+06,5.32e-07,5e-07,2e-06,3.40363636363636e-07,3.40363636363636e-06,0,0.3,0.045,0,0,1,1,0.0982147944078665,0.0833925997232734,ac3-n6_2025-03-14_01-45-31.046229
Set_N1a_bigfoot_2025-02-09_06-31-35.583278_3.50181818181818e-07_0.5_2_1000_10_4_0_0,1,2025-02-09 07:52:32.921957,25000,1,4,2500,2500,1000,10,1e+06,5.32e-07,5e-07,2e-06,3.50181818181818e-07,3.50181818181818e-06,0,0.3,0.045,0,0,1,1,0.0998243575068215,0.0837978364916181,ac3-n6_2025-03-14_01-51-48.377306
Set_N1a_biggar_2025-02-08_23-43-19.034533_4.90909090909091e-08_0.5_2_1000_10_4_0_0,1,2025-02-08 23:55:54.852012,25000,1,4,2500,2500,1000,10,1e+06,5.32e-07,5e-07,2e-06,4.90909090909091e-08,4.90909090909091e-07,0,0.3,0.045,0,0,1,1,0.0134471801917342,0.0114175775396931,ac3-n6_2025-03-14_01-55-16.379519
Set_N1a_biggar_2025-02-08_23-43-19.034541_3.92727272727273e-08_0.5_2_1000_10_4_0_0,1,2025-02-08 23:54:34.048383,25000,1,4,2500,2500,1000,10,1e+06,5.32e-07,5e-07,2e-06,3.92727272727273e-08,3.92727272727273e-07,0,0.3,0.045,0,0,1,1,0.0127132492863924,0.0105958134463279,ac3-n6_2025-03-14_01-57-34.770475
Set_N1a_biggar_2025-02-08_23-43-19.034601_5.89090909090909e-08_0.5_2_1000_10_4_0_0,1,2025-02-08 23:57:22.727421,25000,1,4,2500,2500,1000,10,1e+06,5.32e-07,5e-07,2e-06,5.89090909090909e-08,5.89090909090909e-07,0,0.3,0.045,0,0,1,1,0.0170442960400195,0.0144142072882717,ac3-n6_2025-03-14_01-58-19.468175
Set_N1a_biggar_2025-02-08_23-58-48.599408_7.2e-08_0.5_2_1000_10_4_0_0,1,2025-02-09 00:12:39.718247,25000,1,4,2500,2500,1000,10,1e+06,5.32e-07,5e-07,2e-06,7.2e-08,7.2e-07,0,0.3,0.045,0,0,1,1,0.0206041652678104,0.0172067212685758,ac3-n6_2025-03-14_02-00-30.520786
Set_N1a_biggar_2025-02-09_00-00-18.602027_7.52727272727273e-08_0.5_2_1000_10_4_0_0,1,2025-02-09 00:14:25.099596,25000,1,4,2500,2500,1000,10,1e+06,5.32e-07,5e-07,2e-06,7.52727272727273e-08,7.52727272727273e-07,0,0.3,0.045,0,0,1,1,0.0214685476208554,0.0184691249091677,ac3-n6_2025-03-14_02-03-36.956941
Set_N1a_biggar_2025-02-09_00-13-03.594396_7.85454545454545e-08_0.5_2_1000_10_4_0_0,1,2025-02-09 00:29:48.148351,25000,1,4,2500,2500,1000,10,1e+06,5.32e-07,5e-07,2e-06,7.85454545454545e-08,7.85454545454545e-07,0,0.3,0.045,0,0,1,1,0.0229220833832841,0.0192201246983481,ac3-n6_2025-03-14_02-05-49.982891
Set_N1a_biggar_2025-02-09_00-15-48.622311_8.50909090909091e-08_0.5_2_1000_10_4_0_0,1,2025-02-09 00:31:10.186444,25000,1,4,2500,2500,1000,10,1e+06,5.32e-07,5e-07,2e-06,8.50909090909091e-08,8.50909090909091e-07,0,0.3,0.045,0,0,1,1,0.0255146424863444,0.0213224065469837,ac3-n6_2025-03-14_02-10-38.759557
Set_N1a_biggar_2025-02-09_00-16-48.600687_9.49090909090909e-08_0.5_2_1000_10_4_0_0,1,2025-02-09 00:34:10.861356,25000,1,4,2500,2500,1000,10,1e+06,5.32e-07,5e-07,2e-06,9.49090909090909e-08,9.49090909090909e-07,0,0.3,0.045,0,0,1,1,0.0263863501157191,0.0224693191100646,ac3-n6_2025-03-14_02-17-26.665161
Set_N1a_biggar_2025-02-09_00-32-03.865932_1.08e-07_0.5_2_1000_10_4_0_0,1,2025-02-09 00:52:16.010015,25000,1,4,2500,2500,1000,10,1e+06,5.32e-07,5e-07,2e-06,1.08e-07,1.08e-06,0,0.3,0.045,0,0,1,1,0.03049415057369,0.0261286765983108,ac3-n6_2025-03-14_02-20-36.488409
Set_N1a_biggar_2025-02-09_00-36-03.636746_1.17818181818182e-07_0.5_2_1000_10_4_0_0,1,2025-02-09 00:56:27.228174,25000,1,4,2500,2500,1000,10,1e+06,5.32e-07,5e-07,2e-06,1.17818181818182e-07,1.17818181818182e-06,0,0.3,0.045,0,0,1,1,0.031675188159022,0.0268331206414566,ac3-n6_2025-03-14_02-23-10.906996
Set_N1a_biggar_2025-02-09_00-52-33.700688_1.21090909090909e-07_0.5_2_1000_10_4_0_0,1,2025-02-09 01:15:43.686126,25000,1,4,2500,2500,1000,10,1e+06,5.32e-07,5e-07,2e-06,1.21090909090909e-07,1.21090909090909e-06,0,0.3,0.045,0,0,1,1,0.0315237390659533,0.0266230269250838,ac3-n6_2025-03-14_02-25-12.02799
Set_N1a_biggar_2025-02-09_00-54-18.708129_1.30909090909091e-07_0.5_2_1000_10_4_0_0,1,2025-02-09 01:19:18.929274,25000,1,4,2500,2500,1000,10,1e+06,5.32e-07,5e-07,2e-06,1.30909090909091e-07,1.30909090909091e-06,0,0.3,0.045,0,0,1,1,0.0362125885531027,0.0300856699715871,ac3-n6_2025-03-14_02-25-33.197062
Set_N1a_biggar_2025-02-09_00-58-18.644752_1.37454545454545e-07_0.5_2_1000_10_4_0_0,1,2025-02-09 01:23:23.298167,25000,1,4,2500,2500,1000,10,1e+06,5.32e-07,5e-07,2e-06,1.37454545454545e-07,1.37454545454545e-06,0,0.3,0.045,0,0,1,1,0.0378298009976674,0.0311108447209675,ac3-n6_2025-03-14_02-35-04.490632
Set_N1a_biggar_2025-02-09_01-16-33.624279_1.47272727272727e-07_0.5_2_1000_10_4_0_0,1,2025-02-09 01:43:02.236685,25000,1,4,2500,2500,1000,10,1e+06,5.32e-07,5e-07,2e-06,1.47272727272727e-07,1.47272727272727e-06,0,0.3,0.045,0,0,1,1,0.039030779461006,0.0330538825101434,ac3-n6_2025-03-14_02-35-27.178627
Set_N1a_biggar_2025-02-09_01-21-03.627674_1.57090909090909e-07_0.5_2_1000_10_4_0_0,1,2025-02-09 01:48:23.898311,25000,1,4,2500,2500,1000,10,1e+06,5.32e-07,5e-07,2e-06,1.57090909090909e-07,1.57090909090909e-06,0,0.3,0.045,0,0,1,1,0.0445187660261478,0.0376778691125401,ac3-n6_2025-03-14_02-41-55.14771
Set_N1a_biggar_2025-02-09_01-25-03.635082_1.60363636363636e-07_0.5_2_1000_10_4_0_0,1,2025-02-09 01:50:21.45471,25000,1,4,2500,2500,1000,10,1e+06,5.32e-07,5e-07,2e-06,1.60363636363636e-07,1.60363636363636e-06,0,0.3,0.045,0,0,1,1,0.0423575860425169,0.0359627468978775,ac3-n6_2025-03-14_02-46-06.962947
Set_N1a_biggar_2025-02-09_01-40-18.672464_1.63636363636364e-07_0.5_2_1000_10_4_0_0,1,2025-02-09 02:08:18.839951,25000,1,4,2500,2500,1000,10,1e+06,5.32e-07,5e-07,2e-06,1.63636363636364e-07,1.63636363636364e-06,0,0.3,0.045,0,0,1,1,0.042458000445155,0.0363277704481432,ac3-n6_2025-03-14_02-47-41.242254
Set_N1a_biggar_2025-02-09_01-49-48.670811_1.76727272727273e-07_0.5_2_1000_10_4_0_0,1,2025-02-09 02:17:16.175251,25000,1,4,2500,2500,1000,10,1e+06,5.32e-07,5e-07,2e-06,1.76727272727273e-07,1.76727272727273e-06,0,0.3,0.045,0,0,1,1,0.0518775396621035,0.0431626472918113,ac3-n6_2025-03-14_02-49-42.539019
Set_N1a_biggar_2025-02-09_01-52-03.657372_1.86545454545455e-07_0.5_2_1000_10_4_0_0,1,2025-02-09 02:20:50.141264,25000,1,4,2500,2500,1000,10,1e+06,5.32e-07,5e-07,2e-06,1.86545454545455e-07,1.86545454545455e-06,0,0.3,0.045,0,0,1,1,0.0500278173951084,0.0421964143042422,ac3-n6_2025-03-14_02-50-58.279378
Set_N1a_biggar_2025-02-09_02-09-18.633482_1.89818181818182e-07_0.5_2_1000_10_4_0_0,1,2025-02-09 02:39:12.237624,25000,1,4,2500,2500,1000,10,1e+06,5.32e-07,5e-07,2e-06,1.89818181818182e-07,1.89818181818182e-06,0,0.3,0.045,0,0,1,1,0.0520366920675415,0.0431758453807688,ac3-n6_2025-03-14_02-53-56.019089
Set_N1a_biggar_2025-02-09_02-18-48.634689_1.99636363636364e-07_0.5_2_1000_10_4_0_0,1,2025-02-09 02:50:20.638137,25000,1,4,2500,2500,1000,10,1e+06,5.32e-07,5e-07,2e-06,1.99636363636364e-07,1.99636363636364e-06,0,0.3,0.045,0,0,1,1,0.0584434584089521,0.0501802495786893,ac3-n6_2025-03-14_02-56-25.43224
Set_N1a_biggar_2025-02-09_02-22-18.628819_2.02909090909091e-07_0.5_2_1000_10_4_0_0,1,2025-02-09 02:54:06.689039,25000,1,4,2500,2500,1000,10,1e+06,5.32e-07,5e-07,2e-06,2.02909090909091e-07,2.02909090909091e-06,0,0.3,0.045,0,0,1,1,0.0586165417967271,0.0493354902668282,ac3-n6_2025-03-14_03-00-40.609985
Set_N1a_biggar_2025-02-09_02-32-18.661679_2.06181818181818e-07_0.5_2_1000_10_4_0_0,1,2025-02-09 03:06:04.436424,25000,1,4,2500,2500,1000,10,1e+06,5.32e-07,5e-07,2e-06,2.06181818181818e-07,2.06181818181818e-06,0,0.3,0.045,0,0,1,1,0.0550150247285306,0.0453341169751998,ac3-n6_2025-03-14_03-07-13.67481
Set_N1a_biggar_2025-02-09_02-40-33.610447_2.16e-07_0.5_2_1000_10_4_0_0,1,2025-02-09 03:15:38.180377,25000,1,4,2500,2500,1000,10,1e+06,5.32e-07,5e-07,2e-06,2.16e-07,2.16e-06,0,0.3,0.045,0,0,1,1,0.0609380793498199,0.0516597231217048,ac3-n6_2025-03-14_03-10-57.12748
Set_N1a_biggar_2025-02-09_02-51-48.634516_2.22545454545455e-07_0.5_2_1000_10_4_0_0,1,2025-02-09 03:26:41.367482,25000,1,4,2500,2500,1000,10,1e+06,5.32e-07,5e-07,2e-06,2.22545454545455e-07,2.22545454545455e-06,0,0.3,0.045,0,0,1,1,0.0593914776166264,0.050575263314948,ac3-n6_2025-03-14_03-12-28.928167
Set_N1a_biggar_2025-02-09_03-07-03.742635_2.32363636363636e-07_0.5_2_1000_10_4_0_0,1,2025-02-09 03:41:36.664936,25000,1,4,2500,2500,1000,10,1e+06,5.32e-07,5e-07,2e-06,2.32363636363636e-07,2.32363636363636e-06,0,0.3,0.045,0,0,1,1,0.0654490490876604,0.0551422106246341,ac3-n6_2025-03-14_03-15-47.69999
Set_N1a_biggar_2025-02-09_03-16-48.648788_2.38909090909091e-07_0.5_2_1000_10_4_0_0,1,2025-02-09 03:51:54.8287,25000,1,4,2500,2500,1000,10,1e+06,5.32e-07,5e-07,2e-06,2.38909090909091e-07,2.38909090909091e-06,0,0.3,0.045,0,0,1,1,0.0693559472623235,0.0597089437560426,ac3-n6_2025-03-14_03-16-07.49987
Set_N1a_biggar_2025-02-09_03-28-03.63953_2.45454545454545e-07_0.5_2_1000_10_4_0_0,1,2025-02-09 04:02:49.961494,25000,1,4,2500,2500,1000,10,1e+06,5.32e-07,5e-07,2e-06,2.45454545454545e-07,2.45454545454545e-06,0,0.3,0.045,0,0,1,1,0.0791980027929596,0.0673903856888966,ac3-n6_2025-03-14_03-25-19.442507
Set_N1a_biggar_2025-02-09_03-42-48.637646_2.52e-07_0.5_2_1000_10_4_0_0,1,2025-02-09 04:21:15.120245,25000,1,4,2500,2500,1000,10,1e+06,5.32e-07,5e-07,2e-06,2.52e-07,2.52e-06,0,0.3,0.045,0,0,1,1,0.0708455951831796,0.0601246461591683,ac3-n6_2025-03-14_03-24-48.92322
Set_N1a_biggar_2025-02-09_03-53-18.650686_2.61818181818182e-07_0.5_2_1000_10_4_0_0,1,2025-02-09 04:31:54.038143,25000,1,4,2500,2500,1000,10,1e+06,5.32e-07,5e-07,2e-06,2.61818181818182e-07,2.61818181818182e-06,0,0.3,0.045,0,0,1,1,0.0638941387037522,0.0537240507597762,ac3-n6_2025-03-14_03-31-46.5838
Set_N1a_biggar_2025-02-09_04-00-33.643871_2.65090909090909e-07_0.5_2_1000_10_4_0_0,1,2025-02-09 04:39:43.827431,25000,1,4,2500,2500,1000,10,1e+06,5.32e-07,5e-07,2e-06,2.65090909090909e-07,2.65090909090909e-06,0,0.3,0.045,0,0,1,1,0.0705244039128771,0.0592837464522444,ac3-n6_2025-03-14_03-35-59.204637
Set_N1a_biggar_2025-02-09_04-13-50.641991_2.74909090909091e-07_0.5_2_1000_10_4_0_0,1,2025-02-09 04:54:59.313576,25000,1,4,2500,2500,1000,10,1e+06,5.32e-07,5e-07,2e-06,2.74909090909091e-07,2.74909090909091e-06,0,0.3,0.045,0,0,1,1,0.0785119771207618,0.0673802373820411,ac3-n6_2025-03-14_03-37-44.016225
Set_N1a_biggar_2025-02-09_04-22-35.658764_2.78181818181818e-07_0.5_2_1000_10_4_0_0,1,2025-02-09 05:04:01.837414,25000,1,4,2500,2500,1000,10,1e+06,5.32e-07,5e-07,2e-06,2.78181818181818e-07,2.78181818181818e-06,0,0.3,0.045,0,0,1,1,0.0817863869788857,0.0691648730761161,ac3-n6_2025-03-14_03-40-45.096402
Set_N1a_biggar_2025-02-09_04-33-05.674851_2.84727272727273e-07_0.5_2_1000_10_4_0_0,1,2025-02-09 05:16:49.572742,25000,1,4,2500,2500,1000,10,1e+06,5.32e-07,5e-07,2e-06,2.84727272727273e-07,2.84727272727273e-06,0,0.3,0.045,0,0,1,1,0.0765505364717778,0.064520806759015,ac3-n6_2025-03-14_03-41-34.181551
Set_N1a_biggar_2025-02-09_04-40-50.658032_2.88e-07_0.5_2_1000_10_4_0_0,1,2025-02-09 05:24:21.16405,25000,1,4,2500,2500,1000,10,1e+06,5.32e-07,5e-07,2e-06,2.88e-07,2.88e-06,0,0.3,0.045,0,0,1,1,0.0867163751814516,0.0724816547837422,ac3-n6_2025-03-14_03-42-56.163697
Set_N1a_biggar_2025-02-09_04-56-20.662809_2.97818181818182e-07_0.5_2_1000_10_4_0_0,1,2025-02-09 05:41:53.075078,25000,1,4,2500,2500,1000,10,1e+06,5.32e-07,5e-07,2e-06,2.97818181818182e-07,2.97818181818182e-06,0,0.3,0.045,0,0,1,1,0.0854453844042898,0.0720208239933031,ac3-n6_2025-03-14_03-46-17.996082
Set_N1a_biggar_2025-02-09_05-05-20.655341_3.04363636363636e-07_0.5_2_1000_10_4_0_0,1,2025-02-09 05:51:07.91764,25000,1,4,2500,2500,1000,10,1e+06,5.32e-07,5e-07,2e-06,3.04363636363636e-07,3.04363636363636e-06,0,0.3,0.045,0,0,1,1,0.0787996739632243,0.0661017203965287,ac3-n6_2025-03-14_03-48-41.744332
Set_N1a_biggar_2025-02-09_05-18-05.65622_3.10909090909091e-07_0.5_2_1000_10_4_0_0,1,2025-02-09 06:06:27.449059,25000,1,4,2500,2500,1000,10,1e+06,5.32e-07,5e-07,2e-06,3.10909090909091e-07,3.10909090909091e-06,0,0.3,0.045,0,0,1,1,0.0893503310901712,0.0756927135841797,ac3-n6_2025-03-14_03-54-46.576665
Set_N1a_biggar_2025-02-09_05-25-35.642309_3.17454545454545e-07_0.5_2_1000_10_4_0_0,1,2025-02-09 06:11:32.032216,25000,1,4,2500,2500,1000,10,1e+06,5.32e-07,5e-07,2e-06,3.17454545454545e-07,3.17454545454545e-06,0,0.3,0.045,0,0,1,1,0.0913219370327137,0.0758463127426633,ac3-n6_2025-03-14_03-57-57.017781
Set_N1a_biggar_2025-02-09_05-43-05.689979_3.24e-07_0.5_2_1000_10_4_0_0,1,2025-02-09 06:28:54.800852,25000,1,4,2500,2500,1000,10,1e+06,5.32e-07,5e-07,2e-06,3.24e-07,3.24e-06,0,0.3,0.045,0,0,1,1,0.0924681787009554,0.077745853606883,ac3-n6_2025-03-14_03-59-40.061384
Set_N1a_biggar_2025-02-09_05-52-05.638287_3.27272727272727e-07_0.5_2_1000_10_4_0_0,1,2025-02-09 06:39:14.873979,25000,1,4,2500,2500,1000,10,1e+06,5.32e-07,5e-07,2e-06,3.27272727272727e-07,3.27272727272727e-06,0,0.3,0.045,0,0,1,1,0.0919983883510483,0.0775910670080748,ac3-n6_2025-03-14_04-03-07.423199
Set_N1a_biggar_2025-02-09_06-07-35.659404_3.37090909090909e-07_0.5_2_1000_10_4_0_0,1,2025-02-09 06:55:21.470245,25000,1,4,2500,2500,1000,10,1e+06,5.32e-07,5e-07,2e-06,3.37090909090909e-07,3.37090909090909e-06,0,0.3,0.045,0,0,1,1,0.0828756700398375,0.0690120029461131,ac3-n6_2025-03-14_04-02-52.374237
Set_N1a_biggar_2025-02-09_06-29-50.653807_3.46909090909091e-07_0.5_2_1000_10_4_0_0,1,2025-02-09 07:18:04.591807,25000,1,4,2500,2500,1000,10,1e+06,5.32e-07,5e-07,2e-06,3.46909090909091e-07,3.46909090909091e-06,0,0.3,0.045,0,0,1,1,0.0921542894985907,0.0755479893444877,ac3-n6_2025-03-14_04-09-52.373475
Set_N1a_biggar_2025-02-09_06-40-20.615293_3.56727272727273e-07_0.5_2_1000_10_4_0_0,1,2025-02-09 07:29:26.541991,25000,1,4,2500,2500,1000,10,1e+06,5.32e-07,5e-07,2e-06,3.56727272727273e-07,3.56727272727273e-06,0,0.3,0.045,0,0,1,1,0.102948322244186,0.0858678566139478,ac3-n6_2025-03-14_04-10-56.470721
Set_N1a_biggar_2025-02-09_06-56-20.64707_3.6e-07_0.5_2_1000_10_4_0_0,1,2025-02-09 07:42:37.69008,25000,1,4,2500,2500,1000,10,1e+06,5.32e-07,5e-07,2e-06,3.6e-07,3.6e-06,0,0.3,0.045,0,0,1,1,0.101256479702347,0.0877389135138786,ac3-n6_2025-03-14_04-15-41.574944
Set_N1a_bigwig_2025-02-08_23-43-19.031658_6.21818181818182e-08_0.5_2_1000_10_4_0_0,1,2025-02-09 00:11:45.963757,25000,1,4,2500,2500,1000,10,1e+06,5.32e-07,5e-07,2e-06,6.21818181818182e-08,6.21818181818182e-07,0,0.3,0.045,0,0,1,1,0.0153167531416825,0.0131250622430825,ac3-n6_2025-03-14_04-20-49.532688
Set_N1a_bigwig_2025-02-09_00-17-03.594045_9.81818181818182e-08_0.5_2_1000_10_4_0_0,1,2025-02-09 00:51:18.001081,25000,1,4,2500,2500,1000,10,1e+06,5.32e-07,5e-07,2e-06,9.81818181818182e-08,9.81818181818182e-07,0,0.3,0.045,0,0,1,1,0.0274318090995522,0.0232172059386392,ac3-n6_2025-03-14_04-21-53.811274
